age,gender,study_hours_per_week,attendance_percentage,previous_grade,sleep_hours,parental_support,extracurricular_activities,internet_access,part_time_job,final_grade,pass_fail
15,Female,18.5,89.3,36.4,5.6,Medium,Yes,Yes,No,42.4,Pass
17,Male,14.0,73.4,52.1,5.0,Low,No,No,Yes,35.4,Fail
16,Male,19.5,70.2,58.8,4.6,Medium,No,Yes,Yes,56.0,Pass
17,Male,25.7,80.0,93.3,7.6,Low,No,Yes,No,88.0,Pass
17,Female,13.4,78.0,73.3,6.7,High,No,Yes,Yes,66.0,Pass
15,Female,13.4,74.6,45.0,7.6,Medium,No,Yes,No,42.4,Pass
17,Male,26.1,88.4,72.3,8.0,Low,Yes,Yes,No,80.8,Pass
15,Male,20.4,91.5,41.8,7.4,Medium,No,Yes,Yes,54.2,Pass
18,Male,11.7,81.1,81.2,8.0,Medium,No,No,No,61.6,Pass
18,Female,18.8,97.7,57.9,6.9,High,No,No,No,59.6,Pass
18,Male,11.8,66.3,63.6,5.2,High,No,Yes,No,50.3,Pass
16,Female,11.7,77.7,84.9,8.6,Medium,No,Yes,No,68.3,Pass
16,Female,16.7,71.4,45.7,6.1,High,No,Yes,No,66.2,Pass
17,Male,1.6,57.6,44.0,5.6,Medium,No,Yes,No,26.6,Fail
15,Female,2.9,79.0,56.2,6.7,Low,No,Yes,No,32.3,Fail
17,Male,11.1,78.5,80.6,5.6,Medium,No,No,No,50.6,Pass
18,Female,7.9,98.2,42.2,6.4,Medium,Yes,No,No,36.1,Fail
17,Female,17.2,87.6,22.5,7.5,Medium,No,Yes,No,53.5,Pass
17,Male,8.6,67.7,58.2,7.5,High,No,Yes,Yes,45.4,Pass
17,Male,5.1,100.0,73.3,5.7,Medium,No,Yes,No,60.8,Pass
18,Female,25.3,94.7,83.0,6.3,High,No,Yes,No,85.2,Pass
15,Female,13.4,87.0,58.1,8.6,High,No,Yes,No,63.9,Pass
17,Female,15.5,77.3,58.8,7.7,Medium,Yes,Yes,No,63.1,Pass
18,Male,5.0,68.5,82.3,10.1,Medium,No,Yes,Yes,52.7,Pass
16,Male,11.2,75.5,37.0,8.8,Medium,No,Yes,Yes,33.8,Fail
15,Male,15.8,93.1,59.2,8.7,High,Yes,Yes,Yes,76.2,Pass
18,Male,6.9,100.0,67.9,4.9,Medium,No,Yes,Yes,56.2,Pass
17,Female,17.6,98.5,71.7,8.1,Low,No,No,No,67.4,Pass
18,Female,10.8,74.1,57.4,6.9,Medium,No,Yes,No,53.1,Pass
15,Female,13.0,66.6,65.5,6.2,Medium,Yes,Yes,No,56.9,Pass
17,Female,10.8,81.7,27.7,7.3,Low,No,Yes,Yes,39.5,Fail
16,Female,28.0,58.8,55.1,8.4,Low,No,Yes,No,60.7,Pass
16,Male,14.9,83.9,71.8,7.8,Medium,No,Yes,No,67.9,Pass
16,Male,7.6,78.2,50.3,5.7,Medium,Yes,No,No,28.4,Fail
18,Female,20.8,74.4,65.9,8.1,Medium,No,Yes,No,60.9,Pass
15,Female,6.5,60.9,71.7,6.0,Medium,No,No,Yes,31.6,Fail
16,Female,16.5,86.2,59.9,7.3,Low,No,Yes,No,63.2,Pass
17,Female,1.3,73.6,67.6,6.5,Medium,No,Yes,No,27.5,Fail
17,Female,5.7,66.0,50.6,6.7,Medium,Yes,No,Yes,28.2,Fail
17,Female,16.4,45.5,61.9,8.1,Low,No,Yes,Yes,26.7,Fail
18,Female,20.2,79.7,74.2,5.4,Medium,No,No,Yes,54.1,Pass
15,Female,16.2,100.0,67.4,9.9,Medium,No,Yes,Yes,64.8,Pass
15,Male,14.2,99.9,56.2,4.3,Low,No,No,No,53.2,Pass
16,Female,12.9,74.5,68.4,6.1,Low,No,Yes,No,53.9,Pass
15,Female,4.7,72.8,75.7,7.6,Low,Yes,Yes,Yes,42.3,Pass
17,Male,10.0,85.6,34.3,7.9,High,No,Yes,No,50.4,Pass
17,Male,11.8,68.0,82.4,6.8,High,Yes,Yes,No,68.7,Pass
18,Female,22.4,83.6,60.0,6.9,High,Yes,No,Yes,64.1,Pass
17,Male,17.4,89.2,71.4,7.6,High,No,Yes,Yes,62.9,Pass
15,Male,2.7,94.7,83.0,6.7,Medium,No,Yes,Yes,49.3,Pass
17,Female,17.3,78.8,44.4,9.1,Medium,No,Yes,No,47.8,Pass
16,Male,12.3,77.6,54.4,8.3,Medium,No,Yes,Yes,48.5,Pass
18,Female,10.3,69.5,60.7,8.3,Low,No,Yes,No,47.0,Pass
18,Female,19.3,70.1,53.2,5.6,Medium,No,Yes,No,61.6,Pass
15,Female,22.2,77.3,91.0,6.9,High,No,No,No,82.5,Pass
17,Male,21.5,84.4,52.1,6.5,Medium,Yes,Yes,Yes,42.0,Pass
17,Male,9.1,91.0,56.7,5.5,Medium,No,Yes,No,49.8,Pass
15,Female,12.8,70.4,68.1,7.5,Medium,No,Yes,No,47.8,Pass
15,Female,17.3,97.9,47.0,6.2,Medium,No,Yes,No,48.9,Pass
16,Male,21.8,76.7,59.1,8.0,Medium,Yes,Yes,No,60.8,Pass
15,Female,11.6,79.7,69.8,5.4,High,Yes,Yes,No,58.2,Pass
17,Male,13.7,71.0,60.0,9.6,Medium,Yes,Yes,No,49.9,Pass
16,Male,7.3,50.9,63.6,5.7,High,Yes,No,No,43.4,Pass
18,Male,6.6,90.6,57.1,7.3,Medium,No,Yes,No,39.9,Fail
17,Male,20.7,88.8,42.3,8.2,High,Yes,Yes,Yes,62.6,Pass
18,Male,24.5,76.6,69.8,6.1,Medium,Yes,Yes,No,85.1,Pass
18,Male,14.5,80.8,91.3,8.3,Medium,Yes,Yes,No,68.8,Pass
18,Female,22.0,86.2,65.3,5.2,Medium,Yes,Yes,No,65.7,Pass
17,Female,17.5,61.2,68.4,9.2,High,Yes,No,Yes,45.8,Pass
18,Male,10.5,73.7,75.4,7.0,High,No,Yes,No,61.1,Pass
17,Male,17.5,89.5,46.0,6.1,Low,No,Yes,No,52.0,Pass
18,Female,25.8,64.9,90.5,6.6,Low,Yes,Yes,Yes,79.5,Pass
15,Female,14.7,83.5,68.0,8.2,High,No,Yes,Yes,65.3,Pass
15,Female,26.0,63.7,89.5,6.1,Medium,No,No,No,79.2,Pass
17,Female,0.0,85.6,54.0,5.9,Medium,Yes,Yes,No,53.2,Pass
18,Female,20.8,79.6,92.3,6.7,Medium,No,Yes,No,89.7,Pass
18,Female,15.6,60.6,76.6,5.2,Low,No,Yes,Yes,48.2,Pass
18,Female,12.9,94.0,73.3,9.7,High,No,Yes,No,64.9,Pass
15,Female,15.6,71.2,68.5,6.2,High,No,Yes,No,60.5,Pass
18,Male,1.1,70.3,61.3,8.2,Medium,Yes,Yes,No,37.2,Fail
18,Female,13.5,82.4,83.0,7.3,Medium,No,Yes,No,70.7,Pass
17,Male,17.5,93.8,67.1,5.5,High,No,Yes,No,61.8,Pass
18,Female,25.3,67.8,35.5,7.0,Low,No,Yes,No,46.4,Pass
15,Female,11.4,80.7,48.2,8.2,High,Yes,Yes,Yes,56.5,Pass
18,Female,9.3,85.1,62.2,6.7,Medium,No,No,No,46.3,Pass
15,Female,11.5,88.3,69.6,8.8,Medium,No,Yes,No,56.5,Pass
15,Female,21.4,82.1,64.2,8.5,High,No,No,No,75.2,Pass
16,Male,17.3,75.6,83.3,8.4,Medium,Yes,Yes,No,63.0,Pass
15,Female,11.3,70.1,35.7,6.3,Medium,No,No,No,28.1,Fail
16,Male,18.6,81.0,67.2,5.4,Medium,No,Yes,Yes,58.5,Pass
16,Male,15.7,67.1,37.7,6.1,Medium,No,Yes,Yes,37.0,Fail
18,Female,21.8,44.9,76.4,7.3,Medium,No,Yes,No,65.2,Pass
16,Male,10.1,85.2,63.6,7.8,High,No,Yes,No,63.8,Pass
17,Female,12.7,90.8,71.3,3.7,High,No,Yes,No,62.3,Pass
15,Female,12.3,51.6,52.0,7.0,Medium,No,Yes,Yes,36.3,Fail
17,Female,4.8,67.9,84.2,7.2,Medium,No,No,No,47.9,Pass
16,Male,17.1,87.4,80.6,6.6,Low,No,Yes,Yes,60.2,Pass
18,Female,16.8,100.0,73.8,8.9,Low,Yes,Yes,Yes,73.2,Pass
15,Male,15.0,80.2,63.1,7.6,Medium,No,Yes,No,54.9,Pass
17,Female,13.4,71.3,73.7,9.0,High,No,Yes,No,72.6,Pass
18,Female,5.1,77.8,54.4,6.7,Medium,No,Yes,No,41.1,Pass
16,Male,12.1,96.5,77.8,8.4,High,No,Yes,Yes,67.7,Pass
18,Male,12.6,72.2,89.7,9.5,Low,No,Yes,No,71.2,Pass
17,Male,9.4,70.4,81.1,9.0,Medium,No,Yes,No,57.6,Pass
18,Male,13.9,74.2,54.1,5.4,Low,Yes,No,No,44.4,Pass
17,Male,17.8,68.6,70.4,6.6,Medium,No,Yes,No,62.7,Pass
18,Male,28.2,81.5,45.6,6.5,Low,Yes,No,No,51.6,Pass
15,Female,16.2,99.5,73.6,7.7,High,Yes,Yes,No,81.0,Pass
18,Male,16.8,83.9,71.8,8.0,Low,No,Yes,No,66.2,Pass
15,Female,14.5,77.0,37.0,5.7,High,No,Yes,No,52.1,Pass
17,Female,1.6,76.5,47.6,7.1,Medium,No,Yes,Yes,36.5,Fail
15,Female,14.8,61.2,60.8,4.0,High,Yes,Yes,No,56.9,Pass
18,Female,15.4,90.6,60.5,9.2,Medium,Yes,Yes,Yes,54.9,Pass
15,Female,32.2,79.1,46.9,6.2,High,No,Yes,Yes,83.0,Pass
17,Male,13.7,77.8,70.8,7.1,Low,No,Yes,Yes,44.6,Pass
18,Female,17.1,100.0,68.8,6.5,High,Yes,No,No,75.1,Pass
15,Female,14.8,83.6,62.1,8.7,High,No,Yes,No,67.9,Pass
15,Female,6.8,71.0,53.7,3.0,Low,No,Yes,No,24.2,Fail
16,Male,23.0,74.9,80.7,7.0,Low,No,Yes,No,70.1,Pass
15,Male,20.3,93.8,89.8,6.8,Medium,No,Yes,Yes,77.9,Pass
16,Male,20.5,81.4,57.7,6.3,High,Yes,Yes,No,75.0,Pass
17,Male,8.6,62.7,55.8,9.6,Medium,No,Yes,Yes,39.0,Fail
16,Female,24.8,91.0,72.4,5.7,Medium,No,Yes,No,72.8,Pass
17,Male,5.2,72.0,59.6,8.2,Low,Yes,No,No,23.7,Fail
15,Female,19.1,100.0,62.9,7.5,Low,No,Yes,Yes,71.3,Pass
15,Male,30.3,93.0,76.1,8.9,High,No,Yes,Yes,83.4,Pass
16,Male,8.1,74.6,36.4,6.0,Low,No,Yes,No,30.5,Fail
17,Male,11.0,95.4,84.8,5.9,Medium,Yes,Yes,No,68.9,Pass
15,Male,15.7,80.8,66.1,8.6,High,Yes,Yes,No,69.2,Pass
16,Female,11.5,90.2,58.8,7.6,Low,Yes,Yes,No,57.9,Pass
16,Male,4.1,85.8,63.7,4.7,Medium,No,Yes,No,54.1,Pass
16,Female,15.5,69.8,64.4,6.2,Low,No,Yes,No,52.7,Pass
15,Female,7.6,72.3,39.0,7.6,Medium,Yes,Yes,Yes,38.2,Fail
17,Female,18.3,92.4,87.4,8.3,Low,No,Yes,Yes,74.7,Pass
15,Female,8.6,76.0,65.6,6.0,High,No,Yes,No,60.6,Pass
18,Female,25.8,75.2,71.6,3.0,Medium,No,Yes,No,64.4,Pass
18,Female,9.5,68.5,79.3,7.8,Medium,No,Yes,Yes,62.3,Pass
15,Female,12.7,85.1,49.7,5.2,Medium,No,Yes,Yes,50.0,Pass
17,Male,20.7,100.0,72.1,4.0,Low,No,No,Yes,63.9,Pass
16,Female,6.4,67.2,61.0,3.0,High,No,No,Yes,30.9,Fail
18,Male,16.6,80.3,77.7,8.2,Medium,Yes,Yes,Yes,67.4,Pass
18,Male,24.1,96.9,33.1,7.2,Medium,Yes,Yes,No,59.2,Pass
15,Female,3.7,79.0,63.5,6.7,Low,Yes,Yes,No,34.6,Fail
18,Female,16.3,85.4,56.0,9.1,Medium,No,Yes,No,69.3,Pass
18,Male,16.8,67.3,71.5,8.0,Low,Yes,Yes,No,60.5,Pass
16,Male,20.5,85.1,72.1,9.4,Medium,Yes,Yes,No,77.3,Pass
16,Female,6.3,77.8,54.4,4.9,Low,No,Yes,No,32.2,Fail
17,Female,5.8,91.8,54.3,6.9,High,Yes,Yes,No,44.6,Pass
18,Male,18.7,94.2,63.3,4.6,Medium,Yes,Yes,No,60.2,Pass
17,Male,17.1,100.0,51.6,6.7,High,Yes,Yes,No,66.4,Pass
17,Female,16.8,87.0,77.6,6.6,High,No,Yes,No,77.8,Pass
16,Male,17.4,83.9,59.5,7.9,Low,Yes,Yes,No,59.7,Pass
16,Male,10.2,82.3,21.4,7.1,Medium,No,Yes,No,32.3,Fail
15,Female,16.6,75.8,59.4,7.9,Low,No,Yes,No,51.8,Pass
16,Male,17.1,84.1,49.4,8.1,Medium,No,Yes,No,58.0,Pass
17,Female,10.0,76.5,40.5,10.2,High,No,Yes,Yes,54.7,Pass
18,Female,28.1,82.0,46.4,6.5,Medium,No,Yes,No,66.9,Pass
17,Female,18.3,95.8,66.6,5.6,Medium,Yes,Yes,No,72.0,Pass
17,Male,6.7,67.9,84.9,7.4,Medium,Yes,Yes,Yes,58.8,Pass
17,Female,19.6,93.7,69.7,5.8,Medium,Yes,Yes,No,61.0,Pass
16,Male,8.2,95.8,55.9,9.2,Low,Yes,Yes,No,45.3,Pass
17,Female,20.5,78.6,71.8,6.6,High,Yes,Yes,Yes,74.3,Pass
15,Female,23.1,54.5,58.1,6.2,Medium,Yes,Yes,No,58.2,Pass
18,Male,9.3,72.7,54.6,6.3,High,No,Yes,Yes,48.5,Pass
16,Male,21.7,95.6,47.7,8.1,Low,No,Yes,No,68.2,Pass
17,Male,17.9,79.7,38.7,6.8,Medium,Yes,Yes,No,53.4,Pass
15,Female,20.8,68.0,59.2,6.0,Medium,No,Yes,No,65.0,Pass
18,Male,28.3,73.9,67.4,9.5,Low,Yes,Yes,No,75.5,Pass
17,Female,13.3,90.1,63.6,5.7,Medium,Yes,Yes,No,53.8,Pass
18,Male,9.7,86.6,58.8,7.1,High,No,Yes,No,55.9,Pass
16,Female,8.8,77.1,50.8,8.0,High,Yes,Yes,No,47.0,Pass
16,Female,9.3,75.6,74.1,4.6,Medium,Yes,Yes,No,64.1,Pass
15,Female,14.5,75.3,45.2,7.7,Medium,No,No,No,46.9,Pass
16,Female,17.4,68.9,76.6,5.4,Low,No,Yes,No,61.8,Pass
15,Male,16.9,99.4,50.0,8.2,High,No,No,Yes,63.7,Pass
17,Male,20.8,76.1,53.7,5.6,Low,Yes,Yes,No,41.7,Pass
18,Female,15.1,94.6,43.0,8.0,High,No,Yes,Yes,57.5,Pass
16,Female,25.2,98.3,57.5,8.7,Medium,No,Yes,No,65.0,Pass
18,Male,13.1,92.0,79.6,8.3,Medium,No,Yes,No,69.6,Pass
18,Male,34.0,74.8,72.7,7.4,High,No,Yes,Yes,83.3,Pass
17,Male,19.4,84.8,79.7,6.7,Low,No,Yes,Yes,69.3,Pass
17,Male,9.0,79.7,72.8,6.1,Medium,Yes,Yes,Yes,55.5,Pass
16,Male,7.5,69.2,48.4,9.2,Medium,No,Yes,No,50.1,Pass
17,Male,18.4,83.9,60.0,6.0,Low,No,Yes,No,51.5,Pass
18,Female,13.4,65.9,53.3,5.4,Medium,No,Yes,No,49.0,Pass
15,Male,20.0,94.3,85.0,8.0,Medium,No,Yes,No,81.3,Pass
15,Male,18.3,74.4,47.0,5.8,High,No,Yes,Yes,41.5,Pass
15,Female,14.5,82.4,78.4,5.6,Low,No,Yes,No,54.5,Pass
16,Male,9.1,83.4,78.4,4.8,High,No,Yes,No,61.3,Pass
17,Male,4.4,76.9,92.4,6.3,Low,No,Yes,No,63.0,Pass
17,Male,11.9,87.0,58.9,6.9,Low,No,Yes,Yes,49.3,Pass
17,Female,21.0,74.3,75.7,7.4,Medium,Yes,Yes,No,65.3,Pass
17,Male,16.5,90.5,99.2,8.4,Low,Yes,Yes,No,81.1,Pass
18,Female,6.3,63.8,55.7,7.8,Low,No,Yes,No,49.3,Pass
15,Male,16.2,81.5,42.0,6.7,High,No,Yes,No,53.0,Pass
18,Female,17.7,100.0,36.8,6.7,Medium,No,No,No,43.8,Pass
16,Male,8.8,68.0,75.7,7.8,Low,No,No,No,49.9,Pass
15,Male,16.1,71.9,36.8,8.9,Low,Yes,Yes,Yes,44.8,Pass
15,Male,15.4,86.2,59.4,7.2,High,Yes,Yes,No,62.2,Pass
18,Female,7.0,82.2,71.6,6.3,High,No,Yes,No,61.1,Pass
16,Male,17.5,84.2,67.8,5.5,Medium,Yes,Yes,Yes,58.9,Pass
16,Male,18.9,85.9,71.4,4.8,Low,Yes,Yes,No,67.1,Pass
15,Female,22.6,87.6,68.3,8.0,Low,Yes,Yes,No,71.3,Pass
17,Female,22.4,93.3,84.2,7.9,Low,Yes,Yes,No,82.9,Pass
16,Female,5.4,84.9,50.7,7.9,Low,No,Yes,No,34.3,Fail
18,Male,8.4,77.1,54.8,6.8,Medium,Yes,Yes,No,42.0,Pass
16,Female,18.6,88.1,53.4,9.1,Low,No,Yes,No,63.2,Pass
15,Male,18.6,100.0,77.5,6.3,Medium,Yes,Yes,Yes,72.0,Pass
17,Female,18.6,78.4,78.5,8.4,Medium,No,No,No,68.6,Pass
16,Female,42.0,68.3,71.8,6.9,High,Yes,Yes,Yes,91.3,Pass
15,Male,19.0,93.3,82.8,6.1,High,No,Yes,Yes,82.3,Pass
16,Male,22.9,78.6,47.3,7.9,Medium,No,Yes,No,55.1,Pass
17,Male,21.7,53.9,90.0,7.6,Medium,Yes,Yes,No,75.4,Pass
18,Male,19.6,90.2,87.8,7.5,Medium,No,Yes,No,84.4,Pass
15,Female,12.8,73.6,76.0,7.1,Medium,No,No,Yes,60.0,Pass
15,Female,20.3,78.9,91.7,6.9,High,No,Yes,No,80.8,Pass
17,Female,9.6,84.0,40.2,10.6,Medium,Yes,Yes,Yes,56.3,Pass
15,Male,13.3,82.3,57.1,8.8,High,No,Yes,No,62.7,Pass
17,Male,11.6,88.5,54.0,8.1,High,No,Yes,No,51.4,Pass
15,Female,15.6,74.8,75.8,7.2,Medium,Yes,No,Yes,60.5,Pass
17,Female,31.2,86.2,49.2,8.5,Medium,Yes,No,No,66.4,Pass
16,Male,1.9,76.9,76.4,7.8,Low,No,Yes,Yes,46.6,Pass
16,Female,19.8,88.9,85.6,7.0,Low,No,Yes,No,73.4,Pass
16,Female,3.7,87.4,75.4,6.5,Medium,No,Yes,No,53.7,Pass
15,Female,11.7,68.8,69.3,6.9,Low,No,Yes,No,45.0,Pass
17,Male,22.6,93.0,50.2,3.0,High,No,Yes,No,67.2,Pass
17,Female,15.4,73.6,52.3,7.3,Low,Yes,Yes,No,42.2,Pass
18,Male,7.5,89.7,83.7,6.3,Medium,Yes,No,Yes,49.4,Pass
16,Female,10.0,84.4,76.7,9.4,Medium,No,Yes,Yes,63.6,Pass
18,Male,19.8,100.0,64.4,7.0,Medium,No,No,No,73.3,Pass
16,Female,9.9,77.3,58.7,5.2,Medium,Yes,Yes,No,46.2,Pass
18,Female,16.5,75.8,34.6,6.9,High,No,Yes,Yes,48.7,Pass
16,Female,15.3,79.8,48.9,5.4,Medium,No,No,No,49.3,Pass
17,Male,10.4,76.4,93.7,7.7,Medium,No,Yes,No,74.5,Pass
16,Female,30.0,89.6,45.8,7.4,Low,No,No,No,56.9,Pass
15,Female,19.4,60.6,67.8,8.4,Medium,No,Yes,No,56.0,Pass
16,Male,0.8,67.4,80.1,5.8,High,Yes,Yes,No,40.3,Pass
16,Male,16.3,67.2,46.2,7.1,Medium,No,No,No,40.1,Pass
17,Female,10.4,91.4,67.8,5.0,High,No,Yes,Yes,64.0,Pass
15,Female,21.0,100.0,79.1,8.1,Medium,No,No,No,67.9,Pass
17,Female,9.5,78.7,65.2,7.8,Low,No,No,Yes,45.8,Pass
18,Female,14.2,78.0,100.0,7.7,Low,No,Yes,Yes,65.0,Pass
18,Female,18.5,80.8,40.0,7.0,Medium,Yes,Yes,No,51.7,Pass
15,Male,21.1,93.9,80.9,7.6,Medium,Yes,Yes,No,84.8,Pass
18,Female,6.6,68.9,62.4,9.4,High,No,Yes,Yes,47.0,Pass
15,Male,12.7,82.9,76.6,6.6,Medium,Yes,Yes,No,65.6,Pass
16,Male,11.7,91.7,71.6,7.2,Medium,Yes,Yes,No,61.5,Pass
18,Female,10.4,86.0,54.0,5.4,Medium,No,Yes,Yes,48.0,Pass
16,Male,27.4,82.3,68.4,5.7,Medium,No,Yes,No,74.3,Pass
17,Female,17.8,92.0,37.1,7.1,Low,Yes,Yes,No,48.1,Pass
18,Male,6.2,47.6,74.0,8.7,Low,No,Yes,Yes,50.7,Pass
17,Male,21.4,88.1,69.5,6.6,Low,No,Yes,No,69.7,Pass
17,Female,29.9,72.2,74.6,6.6,Low,No,No,No,64.7,Pass
15,Female,22.2,58.0,80.9,6.4,Low,No,Yes,No,64.5,Pass
17,Male,4.4,86.1,70.5,6.2,Low,No,Yes,No,46.0,Pass
15,Female,11.6,96.5,67.2,7.4,Medium,Yes,Yes,Yes,60.5,Pass
15,Female,23.9,78.4,51.8,4.8,Medium,Yes,Yes,No,74.6,Pass
15,Male,10.0,91.4,54.3,8.9,High,No,No,Yes,52.4,Pass
15,Male,18.1,99.3,82.8,6.0,Low,No,Yes,No,59.1,Pass
15,Male,20.4,95.8,86.5,8.1,Medium,No,Yes,No,78.9,Pass
16,Female,8.5,99.7,61.4,5.1,Medium,No,Yes,Yes,37.1,Fail
15,Female,14.6,88.9,65.7,8.0,Low,No,Yes,No,56.4,Pass
18,Female,0.0,80.9,51.4,8.0,High,No,Yes,Yes,26.6,Fail
15,Male,7.8,60.8,82.6,7.6,Low,Yes,Yes,No,49.4,Pass
16,Female,13.2,77.0,75.0,5.5,High,Yes,Yes,No,57.2,Pass
18,Male,6.3,69.9,94.1,7.4,High,No,Yes,Yes,67.5,Pass
18,Male,26.4,100.0,51.8,5.2,Medium,Yes,No,No,63.4,Pass
16,Male,5.0,77.9,59.3,6.6,Medium,Yes,Yes,No,47.3,Pass
18,Male,11.9,81.5,68.5,8.5,Medium,No,Yes,Yes,56.3,Pass
16,Male,15.9,86.6,74.7,8.2,Medium,No,Yes,No,60.2,Pass
17,Male,25.1,80.5,61.8,7.0,Medium,No,Yes,No,71.3,Pass
17,Male,4.9,100.0,51.9,5.5,Low,Yes,No,No,47.8,Pass
15,Female,23.1,72.5,78.2,8.0,Low,Yes,Yes,No,75.0,Pass
15,Male,15.1,82.3,75.8,7.0,Medium,Yes,Yes,No,64.9,Pass
15,Female,8.1,71.1,51.3,3.5,Medium,No,Yes,No,27.6,Fail
15,Female,18.2,64.2,85.3,8.2,High,Yes,Yes,No,72.8,Pass
16,Female,16.4,72.7,82.6,7.0,Low,No,Yes,No,66.8,Pass
17,Female,10.8,79.6,67.0,8.8,High,No,Yes,Yes,66.3,Pass
16,Female,15.5,74.8,66.2,5.4,Low,No,Yes,No,53.8,Pass
18,Male,12.3,71.7,73.3,3.0,Medium,Yes,Yes,No,59.1,Pass
18,Female,15.8,63.1,52.1,7.4,Medium,No,Yes,No,53.2,Pass
18,Female,19.6,79.0,65.5,7.4,Medium,No,Yes,Yes,64.5,Pass
18,Female,26.1,61.9,32.7,4.5,Low,No,No,No,31.9,Fail
18,Male,6.3,89.1,78.1,5.5,Medium,No,Yes,No,57.6,Pass
17,Female,29.9,81.0,41.6,11.0,High,Yes,Yes,No,70.4,Pass
16,Female,1.3,62.5,87.6,6.5,Medium,No,Yes,No,51.2,Pass
18,Female,13.9,76.3,60.0,8.1,Medium,Yes,Yes,No,59.6,Pass
15,Female,19.1,71.0,61.8,6.0,High,Yes,Yes,No,74.9,Pass
17,Male,17.0,83.8,55.6,3.9,High,Yes,Yes,No,51.1,Pass
15,Female,10.6,96.1,60.7,6.7,Medium,No,Yes,Yes,55.1,Pass
17,Male,13.5,57.5,86.3,6.6,Medium,No,Yes,No,71.5,Pass
17,Male,11.5,81.4,27.7,6.4,High,Yes,Yes,Yes,42.4,Pass
15,Female,10.9,78.1,84.2,6.8,Medium,No,Yes,No,69.0,Pass
15,Female,20.9,88.1,70.1,7.4,Low,Yes,Yes,No,72.2,Pass
18,Male,17.5,82.6,46.9,6.8,Medium,No,Yes,No,59.6,Pass
15,Female,10.1,71.0,48.9,5.1,High,Yes,Yes,Yes,36.9,Fail
16,Female,21.3,76.2,90.1,7.7,Low,Yes,Yes,No,69.3,Pass
17,Female,17.2,70.4,50.8,4.1,High,No,Yes,Yes,48.5,Pass
17,Male,20.7,92.9,47.7,3.9,Low,Yes,Yes,Yes,36.1,Fail
18,Male,19.4,80.3,82.1,8.1,High,No,Yes,Yes,84.1,Pass
17,Female,9.2,100.0,70.1,7.8,Medium,Yes,Yes,No,70.6,Pass
15,Female,11.1,79.3,50.9,6.9,Medium,No,Yes,No,43.8,Pass
17,Male,20.2,71.5,68.2,4.9,High,Yes,Yes,No,65.8,Pass
17,Male,19.3,61.8,49.6,5.9,Medium,No,Yes,No,48.4,Pass
15,Male,14.9,58.4,81.5,6.6,Medium,No,Yes,Yes,59.0,Pass
15,Male,15.8,61.0,80.9,4.6,Low,Yes,No,No,53.8,Pass
17,Male,23.9,83.2,73.0,5.9,Low,No,No,Yes,63.5,Pass
16,Male,10.9,86.1,70.4,8.0,Low,Yes,Yes,Yes,54.1,Pass
15,Male,18.8,61.0,91.4,9.1,Medium,No,Yes,Yes,78.6,Pass
16,Female,13.6,90.7,65.0,6.4,Low,Yes,Yes,No,59.6,Pass
16,Male,13.5,74.2,47.3,8.1,Low,No,Yes,No,39.9,Fail
18,Male,22.7,81.8,71.7,4.1,Medium,No,Yes,No,75.1,Pass
16,Female,20.8,99.3,96.3,8.0,Medium,No,Yes,No,80.5,Pass
18,Female,20.7,90.8,49.8,5.8,High,No,Yes,No,62.0,Pass
16,Female,24.1,76.8,59.6,7.5,Low,No,Yes,Yes,64.5,Pass
18,Male,15.1,69.3,71.2,6.6,Low,No,Yes,No,50.8,Pass
15,Male,19.8,54.2,64.2,9.0,High,No,Yes,No,66.9,Pass
17,Female,12.8,71.4,50.3,5.7,Medium,No,Yes,No,47.4,Pass
17,Female,17.3,77.5,81.8,7.9,High,Yes,Yes,No,73.1,Pass
18,Female,14.1,68.2,99.8,6.6,High,No,Yes,No,77.9,Pass
15,Male,15.7,78.4,67.9,6.8,High,No,Yes,Yes,61.4,Pass
18,Female,19.2,80.9,51.4,6.7,Low,No,No,No,43.4,Pass
18,Male,9.3,77.3,41.8,5.7,High,No,No,No,50.9,Pass
15,Male,29.6,72.2,68.9,7.0,High,Yes,Yes,Yes,74.4,Pass
16,Male,8.0,82.0,81.6,6.9,Medium,No,Yes,No,66.5,Pass
16,Male,6.5,85.3,72.1,7.4,Medium,Yes,Yes,No,54.8,Pass
15,Female,23.1,66.9,65.0,7.1,Medium,Yes,Yes,Yes,57.0,Pass
18,Female,20.5,96.9,56.2,8.2,Low,Yes,Yes,No,64.6,Pass
17,Female,19.4,78.8,48.6,8.4,Medium,No,No,No,55.2,Pass
18,Male,19.4,80.2,77.5,5.4,Medium,Yes,Yes,No,75.7,Pass
16,Female,14.9,88.5,78.7,8.3,Medium,Yes,Yes,Yes,78.6,Pass
15,Male,8.7,82.8,41.8,5.2,Medium,No,Yes,Yes,51.8,Pass
15,Male,15.5,91.4,88.8,7.9,Medium,Yes,Yes,No,80.1,Pass
15,Male,10.3,83.4,73.6,7.9,Medium,Yes,Yes,No,58.5,Pass
16,Female,21.8,72.7,86.0,4.1,High,Yes,Yes,No,81.4,Pass
18,Male,14.0,84.3,44.9,7.1,Low,Yes,Yes,Yes,41.2,Pass
15,Male,9.2,66.3,44.5,6.3,Medium,No,Yes,Yes,39.2,Fail
17,Female,12.8,81.3,62.8,5.9,Low,Yes,Yes,Yes,40.9,Pass
15,Female,17.9,79.6,72.5,9.0,Medium,No,Yes,No,83.2,Pass
18,Female,11.1,77.5,91.9,6.0,High,No,No,No,72.3,Pass
16,Male,9.2,78.5,75.6,5.8,High,Yes,Yes,No,52.9,Pass
17,Male,16.7,57.4,61.4,7.1,Medium,Yes,No,No,45.9,Pass
17,Female,16.7,73.4,49.6,8.0,High,No,Yes,No,62.0,Pass
15,Male,11.5,81.1,83.5,6.8,Low,No,Yes,No,68.0,Pass
18,Male,11.7,81.9,50.5,8.7,Medium,Yes,Yes,Yes,41.6,Pass
15,Female,16.6,67.7,89.4,7.8,Low,Yes,Yes,No,74.4,Pass
17,Female,4.9,95.2,60.7,3.7,High,No,No,No,32.5,Fail
15,Female,5.1,69.6,88.9,6.2,Medium,Yes,No,Yes,50.7,Pass
18,Female,10.0,91.6,75.2,6.2,Medium,Yes,Yes,Yes,66.1,Pass
16,Female,13.5,85.1,62.9,7.7,High,No,Yes,No,60.0,Pass
17,Female,17.2,72.2,57.2,3.1,Low,No,Yes,No,36.0,Fail
18,Female,25.3,100.0,59.9,10.8,Low,Yes,No,Yes,68.9,Pass
15,Female,21.0,65.7,71.4,7.8,High,No,Yes,Yes,64.9,Pass
17,Male,13.9,91.0,66.2,7.2,Medium,Yes,Yes,No,67.0,Pass
15,Male,14.9,92.0,56.1,8.8,Low,No,Yes,No,50.1,Pass
15,Male,8.0,72.0,62.5,10.5,Medium,No,Yes,No,48.3,Pass
16,Male,14.9,96.7,66.2,8.3,Medium,No,No,Yes,45.3,Pass
15,Male,13.0,77.0,33.1,8.4,Low,No,Yes,Yes,34.4,Fail
15,Male,17.3,83.5,71.9,7.2,Medium,No,Yes,Yes,62.2,Pass
18,Male,9.2,83.1,50.3,6.8,Low,No,Yes,Yes,30.6,Fail
15,Male,18.6,78.4,47.7,6.3,Medium,No,Yes,No,52.9,Pass
16,Male,25.7,89.7,39.7,5.8,High,Yes,Yes,No,70.4,Pass
15,Male,14.2,89.5,38.1,6.0,High,No,Yes,No,47.7,Pass
15,Male,17.8,59.0,44.7,5.0,Medium,No,No,No,39.0,Fail
15,Female,19.8,95.7,54.4,6.9,Low,No,Yes,Yes,56.6,Pass
17,Male,12.2,60.1,94.3,4.5,High,Yes,Yes,No,62.8,Pass
16,Female,16.6,92.4,57.1,7.3,Medium,No,Yes,No,72.0,Pass
17,Male,15.1,93.5,67.7,6.9,Low,No,Yes,No,56.8,Pass
16,Female,15.7,66.9,71.0,7.2,High,No,No,Yes,60.8,Pass
16,Male,9.6,75.1,67.0,6.2,High,No,Yes,No,61.1,Pass
18,Female,15.2,66.7,63.8,11.0,High,Yes,Yes,Yes,64.1,Pass
17,Male,18.5,77.4,47.1,9.0,High,Yes,Yes,Yes,62.8,Pass
16,Female,25.2,76.3,86.8,5.1,Low,Yes,Yes,No,77.6,Pass
16,Male,21.7,89.4,92.1,7.3,Low,Yes,Yes,No,73.4,Pass
18,Female,30.1,95.7,39.8,6.1,Medium,No,No,Yes,54.0,Pass
17,Male,9.6,96.7,49.6,5.5,Low,No,Yes,Yes,35.6,Fail
15,Female,21.1,73.3,60.8,5.0,Medium,No,Yes,No,55.7,Pass
18,Female,16.3,77.5,50.5,7.6,High,No,Yes,Yes,46.7,Pass
16,Female,30.3,59.8,72.6,6.0,High,Yes,Yes,No,87.0,Pass
17,Female,9.3,70.3,54.1,8.5,Medium,Yes,Yes,Yes,54.9,Pass
16,Female,9.1,91.6,97.5,8.5,High,Yes,No,Yes,80.1,Pass
18,Female,10.8,99.4,82.9,9.1,High,Yes,Yes,No,86.5,Pass
18,Female,0.1,65.2,68.2,5.7,Medium,No,Yes,No,36.5,Fail
17,Female,11.3,72.9,80.4,7.7,Low,Yes,Yes,Yes,53.6,Pass
18,Male,9.7,79.7,81.6,7.9,Medium,Yes,Yes,No,60.7,Pass
18,Male,16.1,83.4,56.5,6.3,Medium,Yes,Yes,Yes,57.9,Pass
15,Male,17.4,70.3,52.8,5.8,Low,No,No,Yes,39.8,Fail
16,Female,28.1,85.1,66.2,9.4,Medium,No,Yes,No,78.3,Pass
15,Female,21.7,74.3,77.9,7.3,Low,No,No,No,71.0,Pass
15,Male,11.0,79.8,67.1,8.0,Medium,No,Yes,No,59.3,Pass
17,Male,8.7,86.6,41.3,5.8,High,No,Yes,No,38.6,Fail
18,Female,18.4,80.1,53.0,5.2,Low,Yes,Yes,No,47.1,Pass
16,Female,5.8,74.8,63.9,6.1,High,No,Yes,No,54.5,Pass
16,Male,27.8,78.7,63.9,6.8,Medium,No,Yes,Yes,74.9,Pass
16,Female,23.3,78.9,94.6,5.4,Low,No,Yes,Yes,77.8,Pass
18,Male,11.7,75.6,44.2,7.0,High,No,Yes,No,59.0,Pass
16,Female,3.0,76.9,72.6,4.5,Medium,Yes,Yes,No,57.0,Pass
16,Male,24.5,99.2,87.3,5.3,Medium,No,No,No,81.4,Pass
18,Male,14.2,86.7,99.1,8.0,High,Yes,Yes,No,81.8,Pass
17,Female,23.7,76.5,58.9,7.9,Medium,No,No,No,52.6,Pass
16,Male,3.8,88.4,72.4,6.4,Medium,Yes,Yes,Yes,48.4,Pass
18,Female,10.8,76.0,73.5,5.5,Low,Yes,Yes,No,58.1,Pass
15,Female,15.0,94.1,67.9,5.5,High,No,Yes,No,77.6,Pass
18,Female,15.3,84.4,63.5,6.4,Medium,No,Yes,No,61.1,Pass
15,Female,11.8,78.7,71.5,8.0,Medium,Yes,No,Yes,61.0,Pass
18,Female,19.4,85.4,27.0,8.4,Low,No,Yes,No,40.6,Pass
16,Male,7.5,61.1,75.2,6.3,Medium,No,No,No,49.1,Pass
17,Female,14.0,66.5,66.9,5.3,High,Yes,No,No,59.7,Pass
17,Female,15.8,65.7,61.7,7.4,Medium,No,Yes,No,43.0,Pass
16,Male,18.6,81.7,95.7,5.8,Medium,No,No,No,70.7,Pass
15,Female,20.0,100.0,54.9,6.2,Medium,No,Yes,No,68.2,Pass
18,Male,7.1,100.0,59.0,9.0,High,Yes,No,No,58.4,Pass
16,Female,4.3,87.7,94.9,8.2,Medium,Yes,Yes,Yes,59.0,Pass
18,Male,23.9,86.0,52.5,7.2,High,No,Yes,No,54.0,Pass
16,Female,17.3,58.4,56.7,5.1,High,No,No,No,46.3,Pass
16,Female,9.8,73.5,62.8,7.3,Medium,No,Yes,No,50.2,Pass
18,Female,25.9,70.5,77.6,8.6,Low,Yes,Yes,Yes,67.4,Pass
17,Female,15.8,72.5,68.1,6.4,Medium,No,Yes,No,59.5,Pass
17,Female,23.3,78.0,45.6,9.0,High,No,Yes,Yes,64.7,Pass
15,Male,15.5,74.3,57.0,8.9,Low,Yes,Yes,Yes,55.4,Pass
18,Male,29.4,56.2,55.9,9.5,Medium,No,Yes,No,53.3,Pass
15,Female,27.3,89.0,63.8,7.5,High,No,Yes,Yes,68.7,Pass
16,Male,13.3,67.1,71.4,7.9,Medium,Yes,Yes,Yes,55.6,Pass
15,Female,21.8,82.9,71.3,9.1,Medium,No,Yes,No,77.0,Pass
16,Female,19.5,100.0,38.4,7.7,Low,Yes,Yes,Yes,53.0,Pass
18,Female,24.6,69.0,81.0,6.2,Low,No,Yes,No,73.0,Pass
18,Male,8.2,49.6,68.8,6.3,High,No,Yes,Yes,44.5,Pass
18,Female,19.8,76.6,85.8,7.4,Low,No,No,No,64.2,Pass
18,Male,22.4,93.2,71.7,5.1,Medium,No,Yes,No,66.6,Pass
15,Female,2.7,100.0,81.5,6.8,High,No,Yes,No,68.6,Pass
16,Female,6.7,65.2,72.0,8.6,Medium,Yes,No,Yes,40.7,Pass
17,Male,0.7,86.0,85.2,3.7,High,No,Yes,Yes,57.8,Pass
18,Female,13.1,74.4,72.8,9.3,High,Yes,Yes,Yes,68.3,Pass
18,Male,20.0,78.7,63.5,8.7,Medium,Yes,Yes,No,67.4,Pass
16,Female,25.5,100.0,99.1,6.3,Low,Yes,No,No,82.1,Pass
17,Female,15.5,62.0,78.3,7.8,High,No,Yes,Yes,57.2,Pass
18,Female,26.4,83.0,73.6,7.0,Medium,Yes,Yes,Yes,71.9,Pass
17,Male,5.3,85.6,45.9,8.8,Low,Yes,Yes,Yes,34.8,Fail
18,Female,3.1,93.0,45.7,8.5,High,Yes,Yes,No,33.3,Fail
15,Male,14.6,81.2,69.4,4.9,Low,Yes,Yes,No,54.7,Pass
15,Female,17.7,83.7,67.2,7.9,High,No,Yes,No,75.7,Pass
17,Female,14.8,75.3,55.8,6.7,Low,No,Yes,No,51.2,Pass
16,Male,0.5,83.2,67.1,7.1,Low,Yes,Yes,No,40.0,Pass
16,Female,14.4,75.9,88.8,5.9,Low,No,Yes,Yes,61.8,Pass
15,Female,5.9,87.5,75.4,9.6,High,No,Yes,Yes,58.9,Pass
16,Male,19.7,75.6,47.9,8.6,Medium,No,Yes,No,56.6,Pass
16,Male,17.6,84.5,63.3,5.9,High,No,No,No,69.4,Pass
16,Male,8.4,79.6,52.9,5.0,Medium,No,Yes,No,47.6,Pass
17,Female,11.4,93.5,59.2,6.4,Medium,Yes,Yes,No,59.2,Pass
17,Male,7.6,79.4,58.8,7.7,Low,No,No,No,36.0,Fail
16,Male,14.6,58.7,57.8,7.4,Medium,No,Yes,No,54.0,Pass
15,Female,21.7,95.1,46.2,8.9,Medium,No,Yes,No,52.2,Pass
16,Male,8.1,69.1,63.1,8.2,Medium,No,Yes,No,47.7,Pass
18,Male,18.5,72.2,56.6,8.5,Medium,Yes,Yes,Yes,60.7,Pass
15,Female,11.3,72.9,21.1,7.5,High,No,No,No,33.9,Fail
17,Male,9.4,96.5,95.8,4.9,Low,No,Yes,No,70.6,Pass
18,Female,14.3,54.4,81.3,6.7,High,Yes,Yes,No,68.8,Pass
16,Male,7.8,100.0,59.4,8.6,Low,Yes,Yes,No,51.9,Pass
16,Male,11.1,92.7,65.3,6.9,Medium,No,Yes,No,60.9,Pass
15,Female,6.6,82.7,47.4,7.8,Medium,No,Yes,Yes,32.9,Fail
15,Male,28.8,79.3,90.4,6.5,Medium,No,Yes,No,81.9,Pass
16,Female,15.2,83.4,93.5,5.5,Medium,No,Yes,Yes,70.6,Pass
16,Male,10.1,86.3,67.4,6.8,Medium,No,Yes,No,57.0,Pass
15,Male,16.5,87.7,80.4,7.5,Medium,Yes,No,No,57.5,Pass
18,Female,14.2,86.7,67.6,6.0,High,Yes,Yes,Yes,66.3,Pass
17,Female,13.5,81.1,44.9,6.6,Medium,Yes,Yes,Yes,49.4,Pass
15,Male,19.3,77.6,58.8,5.6,High,Yes,Yes,No,63.9,Pass
18,Male,20.3,78.2,67.0,8.7,Low,Yes,Yes,No,80.0,Pass
16,Male,11.3,77.7,58.2,6.6,Medium,No,Yes,Yes,42.6,Pass
17,Female,11.0,93.6,61.7,9.2,Medium,No,Yes,No,57.0,Pass
18,Female,13.1,87.1,63.6,9.3,Medium,Yes,Yes,No,60.7,Pass
17,Male,0.0,44.7,63.8,6.9,Medium,Yes,Yes,Yes,31.1,Fail
17,Male,4.4,87.9,65.8,5.5,Medium,Yes,No,No,42.2,Pass
17,Male,24.6,82.3,49.1,3.9,Low,No,Yes,No,44.0,Pass
18,Female,26.5,79.8,54.2,4.8,Low,Yes,Yes,No,56.9,Pass
18,Male,13.3,75.3,45.7,4.9,Low,Yes,Yes,No,39.4,Fail
16,Female,19.0,93.5,79.7,9.1,Medium,No,Yes,Yes,82.1,Pass
17,Female,17.2,91.4,33.4,7.2,Medium,No,Yes,Yes,57.1,Pass
15,Male,36.6,70.7,82.3,7.6,High,Yes,No,Yes,97.5,Pass
15,Female,22.8,84.9,85.8,3.7,High,No,Yes,No,75.4,Pass
15,Female,14.1,68.3,60.5,5.2,Low,Yes,Yes,No,43.5,Pass
18,Male,8.3,63.4,26.0,8.3,High,No,Yes,No,31.8,Fail
16,Male,3.8,72.5,59.6,7.4,High,No,No,No,52.9,Pass
18,Male,16.4,90.3,64.0,6.8,Medium,Yes,Yes,No,63.1,Pass
17,Male,9.7,91.4,49.8,7.8,Medium,No,Yes,No,40.8,Pass
15,Male,5.0,86.2,57.3,9.5,High,Yes,Yes,No,52.8,Pass
18,Male,10.5,88.7,88.0,6.7,Medium,Yes,Yes,Yes,71.6,Pass
15,Male,7.4,86.2,75.0,7.1,High,Yes,Yes,Yes,65.8,Pass
18,Female,26.8,72.3,51.1,7.3,Low,No,Yes,No,57.4,Pass
15,Male,21.2,85.2,41.0,10.6,Low,Yes,Yes,No,61.1,Pass
17,Male,14.9,89.6,60.1,3.9,Medium,Yes,Yes,No,42.0,Pass
15,Male,25.4,89.1,61.8,8.0,Medium,Yes,No,No,69.8,Pass
17,Male,15.5,94.3,72.4,6.8,High,Yes,Yes,Yes,75.9,Pass
17,Male,9.0,88.5,57.0,7.9,High,No,No,No,46.1,Pass
18,Male,25.7,84.2,72.7,6.0,Medium,Yes,Yes,No,71.3,Pass
18,Female,18.8,92.8,94.0,6.9,Low,Yes,Yes,No,68.8,Pass
18,Male,7.7,79.7,77.2,8.1,High,No,Yes,No,73.6,Pass
17,Female,13.7,69.4,64.3,11.0,Medium,No,Yes,No,55.9,Pass
16,Male,8.9,78.0,62.3,8.2,Low,No,Yes,No,49.3,Pass
16,Female,5.3,71.1,59.6,5.7,Medium,No,Yes,No,44.6,Pass
17,Female,21.5,71.9,82.7,6.4,High,Yes,Yes,No,88.7,Pass
17,Female,28.4,78.3,55.6,6.3,High,No,Yes,No,70.9,Pass
18,Male,5.2,70.5,65.7,4.3,Medium,No,Yes,Yes,35.7,Fail
18,Male,18.9,76.3,65.8,6.5,Medium,Yes,Yes,Yes,61.9,Pass
18,Male,10.4,57.3,57.5,8.1,High,No,Yes,Yes,55.3,Pass
16,Male,11.6,82.6,44.4,5.1,Medium,Yes,Yes,Yes,39.4,Fail
16,Male,10.9,80.0,69.8,8.6,Medium,No,Yes,No,53.5,Pass
17,Male,9.0,70.2,64.1,7.7,Medium,No,No,No,36.0,Fail
16,Female,15.3,87.9,72.5,5.9,High,No,No,Yes,53.2,Pass
18,Female,9.2,91.3,57.0,6.8,Low,No,Yes,Yes,48.6,Pass
18,Female,16.9,60.7,83.3,9.4,Low,No,Yes,Yes,60.8,Pass
18,Male,14.6,70.8,51.8,8.1,Medium,Yes,Yes,No,48.8,Pass
18,Male,13.3,70.8,90.7,7.0,Medium,No,Yes,No,64.5,Pass
18,Female,8.6,68.7,38.8,6.6,Medium,Yes,Yes,No,36.5,Fail
15,Male,11.0,90.0,71.5,7.1,Low,Yes,Yes,No,57.1,Pass
17,Male,20.3,77.7,72.1,6.2,Medium,No,Yes,Yes,62.1,Pass
17,Male,18.5,76.8,53.1,3.8,Medium,Yes,Yes,No,60.6,Pass
16,Female,8.2,56.0,71.4,10.1,Low,Yes,Yes,Yes,57.5,Pass
18,Female,15.7,87.6,84.2,7.2,Low,No,Yes,No,58.7,Pass
15,Male,20.3,65.1,31.7,7.6,High,No,Yes,No,50.4,Pass
18,Female,3.3,80.7,72.5,6.9,High,Yes,Yes,No,52.4,Pass
18,Female,18.8,83.3,27.6,5.9,Low,Yes,No,No,33.1,Fail
16,Male,10.4,96.3,50.5,6.7,High,Yes,Yes,No,58.2,Pass
15,Male,19.0,64.3,89.4,4.6,Medium,No,Yes,Yes,64.8,Pass
15,Female,9.7,43.8,56.3,10.4,High,Yes,Yes,Yes,49.5,Pass
17,Female,2.4,82.2,47.4,5.1,Medium,No,Yes,No,37.0,Fail
18,Male,3.6,100.0,62.0,5.5,Medium,Yes,Yes,No,51.0,Pass
15,Male,15.3,94.9,96.0,6.3,Low,Yes,Yes,Yes,70.0,Pass
17,Male,16.8,82.5,37.5,8.9,Medium,No,Yes,No,45.4,Pass
15,Female,8.7,74.1,49.2,7.0,High,Yes,No,No,35.0,Fail
18,Female,19.5,89.7,87.5,5.1,Medium,No,Yes,No,70.5,Pass
17,Male,3.4,68.3,92.9,8.9,Medium,Yes,No,No,70.0,Pass
15,Male,14.5,85.7,63.4,8.1,Low,No,Yes,No,51.7,Pass
16,Male,6.5,86.1,46.4,7.8,High,No,No,No,34.8,Fail
15,Male,10.4,92.7,96.4,8.1,Medium,Yes,Yes,No,79.7,Pass
18,Female,15.3,100.0,88.9,10.6,Medium,Yes,Yes,No,84.0,Pass
16,Male,9.0,84.7,75.2,10.3,High,Yes,Yes,No,69.6,Pass
15,Male,12.3,73.9,52.8,6.0,Low,No,Yes,No,50.5,Pass
15,Female,22.0,79.7,64.3,9.4,Medium,No,Yes,Yes,70.0,Pass
17,Male,11.0,58.8,62.6,7.6,High,No,Yes,Yes,47.4,Pass
18,Female,20.8,71.7,70.0,7.7,Medium,No,No,No,59.4,Pass
15,Female,7.1,75.1,86.8,4.5,Medium,Yes,No,No,51.0,Pass
15,Female,18.7,73.7,78.2,6.7,Medium,Yes,Yes,No,75.4,Pass
15,Male,25.1,81.8,48.8,5.8,High,Yes,Yes,Yes,61.7,Pass
18,Female,0.0,70.1,85.6,8.2,Low,Yes,Yes,Yes,37.2,Fail
16,Male,9.4,93.5,69.7,8.6,High,Yes,Yes,No,67.7,Pass
18,Female,19.0,80.0,75.3,3.9,High,No,Yes,Yes,57.0,Pass
17,Female,13.6,79.9,87.0,7.0,Low,No,Yes,Yes,75.3,Pass
17,Female,17.6,76.1,48.3,8.7,High,No,No,No,48.2,Pass
18,Male,10.8,81.9,64.5,6.7,Medium,Yes,Yes,Yes,51.9,Pass
15,Male,15.6,89.9,57.0,8.1,Medium,No,Yes,No,60.7,Pass
15,Female,13.9,69.6,41.5,7.5,High,No,Yes,No,46.1,Pass
16,Male,23.2,72.1,70.2,7.5,High,No,Yes,Yes,69.7,Pass
18,Female,16.8,76.4,100.0,6.6,Low,Yes,Yes,No,79.0,Pass
18,Female,17.4,63.8,37.4,5.2,Medium,Yes,Yes,No,50.6,Pass
15,Female,12.1,70.2,64.5,5.3,Medium,Yes,Yes,No,56.9,Pass
17,Female,11.6,74.3,74.6,8.1,Medium,Yes,Yes,No,71.3,Pass
17,Male,12.0,90.5,66.8,7.0,Medium,No,Yes,No,52.8,Pass
16,Female,17.8,83.2,63.3,6.8,Low,Yes,Yes,No,61.2,Pass
16,Male,12.1,82.3,45.5,6.4,Medium,Yes,Yes,No,47.3,Pass
17,Female,17.0,90.2,68.5,6.5,Medium,No,Yes,No,66.9,Pass
18,Female,29.5,78.4,53.6,8.6,Low,No,Yes,Yes,71.7,Pass
16,Female,21.1,84.7,32.2,6.5,High,No,Yes,Yes,48.5,Pass
15,Female,12.7,78.8,82.9,5.0,High,No,Yes,Yes,62.3,Pass
18,Female,23.4,83.2,79.4,8.1,Medium,Yes,No,No,78.6,Pass
15,Male,12.1,73.0,65.8,6.7,Medium,Yes,Yes,Yes,42.2,Pass
16,Male,0.7,50.7,68.4,7.0,Medium,Yes,No,No,33.3,Fail
17,Female,7.9,78.4,81.1,9.4,Medium,No,Yes,No,62.3,Pass
16,Male,1.9,97.1,68.4,7.0,Low,No,Yes,Yes,37.9,Fail
17,Male,12.5,91.1,78.6,7.4,High,Yes,No,No,75.3,Pass
18,Female,15.1,91.6,60.5,5.2,Low,No,Yes,No,46.3,Pass
16,Female,26.7,94.8,84.7,6.7,Low,Yes,Yes,Yes,79.9,Pass
16,Female,17.3,81.1,69.8,7.9,Low,No,Yes,No,63.3,Pass
16,Female,13.5,82.4,67.9,4.7,Low,Yes,No,No,56.9,Pass
18,Male,20.8,72.6,45.9,7.3,Low,Yes,Yes,No,51.2,Pass
15,Male,0.0,76.2,69.3,7.2,High,No,Yes,Yes,51.5,Pass
15,Male,16.6,87.4,52.5,7.1,Medium,No,Yes,No,59.8,Pass
17,Male,20.4,94.4,55.4,8.6,Low,No,No,No,57.1,Pass
16,Female,4.6,78.3,52.8,7.5,Low,Yes,Yes,No,32.4,Fail
15,Female,23.0,74.6,49.0,9.2,High,Yes,Yes,Yes,56.1,Pass
18,Female,17.4,80.0,96.9,5.5,Medium,Yes,Yes,No,79.3,Pass
16,Female,12.1,87.2,85.0,7.2,Medium,No,Yes,No,65.4,Pass
17,Male,19.4,62.7,93.8,7.1,High,No,Yes,No,85.8,Pass
15,Male,30.9,52.4,46.7,5.4,Medium,No,Yes,No,61.3,Pass
18,Female,16.3,73.4,66.1,8.4,Medium,Yes,Yes,No,62.1,Pass
18,Male,16.7,65.4,45.6,10.5,Low,No,Yes,No,40.6,Pass
17,Male,11.8,73.9,54.6,7.0,Medium,No,Yes,No,51.0,Pass
15,Female,9.1,78.2,51.2,7.8,Medium,No,Yes,No,39.2,Fail
16,Male,20.8,74.6,83.6,7.1,Medium,Yes,Yes,Yes,68.6,Pass
18,Female,9.0,97.4,59.1,5.9,Medium,No,Yes,No,45.8,Pass
17,Male,15.5,83.9,81.0,4.3,Medium,No,Yes,No,64.2,Pass
18,Male,11.7,83.6,74.1,5.9,Low,No,No,Yes,54.4,Pass
18,Female,18.4,87.5,99.6,4.9,Low,No,Yes,No,76.1,Pass
15,Female,17.3,66.3,42.8,9.6,Medium,Yes,Yes,Yes,45.9,Pass
15,Female,22.3,92.5,83.9,6.8,High,No,Yes,No,75.8,Pass
16,Male,11.4,79.1,82.2,6.5,Medium,No,Yes,No,66.6,Pass
18,Female,13.1,88.0,50.4,8.3,Medium,Yes,No,Yes,42.0,Pass
17,Male,8.1,67.1,80.1,5.3,Medium,Yes,No,No,51.5,Pass
18,Female,11.9,61.4,70.0,5.8,Low,Yes,Yes,Yes,44.6,Pass
17,Male,17.6,89.8,61.6,7.1,Low,No,Yes,No,63.4,Pass
18,Female,20.3,84.5,52.6,8.5,Medium,Yes,Yes,No,62.3,Pass
17,Female,8.5,69.2,54.2,7.8,Low,No,Yes,No,39.8,Fail
18,Male,21.1,69.6,95.7,7.4,Low,Yes,Yes,Yes,78.2,Pass
18,Male,24.5,93.5,65.0,7.1,High,No,Yes,Yes,87.4,Pass
16,Female,17.9,65.7,76.7,7.6,Low,Yes,Yes,No,69.0,Pass
15,Male,28.1,99.7,53.1,7.3,Medium,Yes,Yes,No,73.5,Pass
15,Female,9.6,69.2,53.3,5.5,Medium,No,Yes,Yes,38.4,Fail
17,Male,6.3,87.7,81.2,7.1,Medium,No,Yes,Yes,54.0,Pass
18,Male,2.5,76.1,44.8,5.4,Medium,Yes,Yes,Yes,23.8,Fail
18,Female,25.5,87.2,58.8,7.1,Medium,Yes,Yes,No,67.5,Pass
15,Female,19.6,73.5,65.5,6.3,Medium,Yes,Yes,No,58.7,Pass
17,Male,14.6,78.0,66.7,10.8,High,No,Yes,Yes,70.4,Pass
16,Male,17.0,80.5,62.3,6.9,High,No,Yes,No,58.0,Pass
16,Male,7.1,68.0,70.9,4.9,Low,No,Yes,Yes,48.2,Pass
16,Male,32.1,88.9,75.4,6.8,Low,No,Yes,No,85.7,Pass
18,Female,15.9,73.8,76.0,7.8,High,No,No,No,65.6,Pass
17,Female,15.8,77.3,50.2,9.5,Medium,Yes,Yes,No,56.5,Pass
15,Male,20.1,68.1,60.7,6.1,Medium,No,Yes,No,54.3,Pass
18,Female,18.4,49.3,82.9,4.6,Medium,No,Yes,No,62.7,Pass
18,Male,16.6,77.7,78.4,8.2,Low,Yes,No,No,68.6,Pass
16,Male,9.5,100.0,44.4,4.9,Medium,Yes,Yes,No,41.0,Pass
17,Male,18.3,89.4,70.3,6.3,Medium,Yes,Yes,No,59.5,Pass
17,Female,28.2,79.8,35.3,6.6,Low,Yes,Yes,Yes,55.5,Pass
16,Male,24.4,76.8,65.7,6.9,Medium,No,Yes,No,70.5,Pass
16,Female,26.2,80.3,93.5,8.0,High,No,Yes,No,86.6,Pass
16,Female,11.4,86.6,50.8,6.0,Medium,No,Yes,Yes,39.7,Fail
18,Male,8.1,65.8,52.5,6.6,Low,No,Yes,Yes,27.9,Fail
18,Female,14.1,93.4,76.5,7.0,Medium,No,Yes,No,63.0,Pass
18,Male,15.4,88.6,41.9,7.2,High,No,Yes,Yes,49.0,Pass
15,Male,22.7,88.6,55.5,7.1,High,Yes,No,No,64.7,Pass
15,Female,3.2,85.3,73.9,7.7,Medium,Yes,Yes,No,51.0,Pass
17,Male,25.7,80.2,55.5,8.3,Low,No,Yes,No,58.7,Pass
16,Female,13.9,88.1,61.5,7.6,High,Yes,Yes,No,64.1,Pass
16,Female,12.0,87.1,76.2,7.7,Medium,Yes,No,No,62.4,Pass
18,Female,7.9,75.8,71.3,4.6,Low,No,Yes,No,43.9,Pass
15,Male,3.4,73.1,69.0,7.1,Medium,No,Yes,Yes,50.6,Pass
16,Female,20.8,81.2,59.9,7.7,Medium,Yes,Yes,No,68.7,Pass
17,Male,15.5,98.6,70.6,8.1,Medium,No,Yes,Yes,56.1,Pass
16,Male,6.0,65.1,63.1,6.0,Low,No,Yes,Yes,38.7,Fail
18,Female,5.9,62.4,71.9,6.0,Medium,Yes,Yes,No,52.3,Pass
18,Female,12.6,82.0,57.5,6.1,High,Yes,Yes,Yes,52.7,Pass
15,Male,26.7,80.6,62.3,7.8,High,No,No,No,62.5,Pass
17,Female,13.2,82.1,50.2,8.6,High,Yes,Yes,Yes,55.5,Pass
17,Female,4.5,82.9,64.5,6.4,High,Yes,Yes,Yes,50.7,Pass
16,Female,13.3,77.3,52.8,8.4,Low,No,No,Yes,32.8,Fail
17,Male,13.1,97.9,48.3,7.2,Medium,No,No,Yes,35.5,Fail
16,Female,0.0,60.8,68.9,6.8,Medium,Yes,Yes,No,40.8,Pass
16,Male,14.6,70.1,68.2,6.7,High,Yes,No,No,57.7,Pass
15,Male,13.4,78.8,76.7,8.1,Medium,Yes,Yes,No,64.3,Pass
17,Female,19.9,60.3,58.5,7.5,High,No,Yes,No,60.9,Pass
18,Female,27.9,77.9,71.1,10.4,Medium,Yes,No,Yes,68.3,Pass
16,Male,22.9,99.9,73.3,5.7,High,No,Yes,No,77.4,Pass
16,Male,13.1,80.3,71.7,7.8,Low,No,Yes,Yes,57.8,Pass
16,Female,7.3,82.8,52.6,6.2,Low,Yes,Yes,No,38.8,Fail
17,Male,33.0,64.9,67.2,5.7,High,No,Yes,No,69.0,Pass
17,Female,15.4,72.6,70.5,7.0,Low,No,Yes,No,53.5,Pass
17,Male,15.1,75.5,65.1,7.2,High,No,Yes,No,56.7,Pass
16,Female,14.8,76.2,33.7,11.0,Low,Yes,No,No,41.0,Pass
18,Male,16.4,95.4,67.4,6.7,Medium,No,Yes,No,66.9,Pass
18,Female,14.0,86.7,98.2,5.3,Medium,No,Yes,No,65.1,Pass
17,Female,11.0,66.7,59.6,7.4,Medium,No,No,Yes,45.2,Pass
18,Male,11.2,83.0,54.1,3.9,Medium,Yes,Yes,No,39.9,Fail
16,Female,14.8,86.0,70.6,6.9,Medium,No,Yes,No,72.2,Pass
17,Male,11.2,93.7,69.7,7.0,Low,Yes,Yes,No,58.3,Pass
17,Male,10.0,99.0,82.9,8.2,Low,Yes,Yes,Yes,57.2,Pass
16,Male,15.7,67.8,46.1,8.5,Medium,No,Yes,No,41.5,Pass
17,Male,13.2,70.3,76.0,6.2,Medium,No,Yes,No,61.3,Pass
16,Female,25.5,64.9,73.9,6.8,High,No,Yes,No,73.7,Pass
17,Male,0.0,77.2,62.9,5.9,Medium,No,Yes,Yes,35.1,Fail
18,Male,22.6,85.6,70.1,5.3,Medium,No,Yes,No,78.5,Pass
17,Male,23.7,91.8,80.4,7.5,Medium,Yes,Yes,No,78.3,Pass
17,Female,0.5,79.1,78.1,5.1,Low,No,Yes,No,43.2,Pass
17,Male,12.6,76.2,47.9,6.4,Medium,Yes,Yes,No,55.3,Pass
15,Female,12.4,81.8,77.3,5.5,High,Yes,Yes,No,69.5,Pass
18,Female,5.1,70.0,64.0,7.8,High,No,No,Yes,33.5,Fail
16,Male,9.6,100.0,66.1,9.7,Medium,No,Yes,Yes,62.4,Pass
15,Female,7.2,60.7,66.1,5.0,Medium,No,No,No,31.1,Fail
18,Male,27.3,82.2,62.7,4.2,High,No,Yes,No,80.8,Pass
17,Female,21.5,100.0,82.9,6.8,Medium,Yes,No,Yes,69.6,Pass
17,Female,23.9,80.1,63.7,7.0,Low,Yes,Yes,No,83.7,Pass
16,Male,20.1,77.7,48.2,7.3,Low,No,Yes,No,59.8,Pass
16,Female,7.1,75.7,59.1,6.3,Medium,Yes,Yes,No,42.0,Pass
18,Male,11.3,77.8,67.7,6.7,High,Yes,Yes,Yes,59.3,Pass
18,Female,18.4,96.5,83.4,7.6,Medium,No,Yes,Yes,79.1,Pass
16,Male,6.4,53.5,74.0,8.6,Low,Yes,Yes,No,52.7,Pass
18,Male,20.0,98.4,52.2,4.1,Low,Yes,Yes,No,58.1,Pass
16,Male,13.3,62.9,100.0,6.4,High,No,Yes,No,83.6,Pass
17,Male,12.4,76.8,69.0,7.3,High,No,Yes,No,62.0,Pass
16,Female,20.0,74.8,84.1,5.6,Medium,No,Yes,No,69.2,Pass
15,Male,18.1,87.1,62.7,9.6,Medium,No,Yes,No,64.5,Pass
16,Male,12.5,60.8,73.0,6.0,Low,No,Yes,No,55.3,Pass
16,Male,23.1,85.5,77.6,6.9,High,No,Yes,No,83.1,Pass
15,Male,7.4,100.0,83.3,7.8,High,No,Yes,No,73.5,Pass
15,Female,19.3,63.6,80.9,6.1,Medium,Yes,Yes,Yes,70.6,Pass
15,Male,19.2,82.3,78.1,4.2,High,Yes,Yes,No,61.6,Pass
15,Female,12.8,72.1,60.3,6.4,Low,No,Yes,Yes,45.7,Pass
16,Male,17.3,85.1,56.4,8.5,Low,No,Yes,No,57.4,Pass
18,Male,6.2,80.2,70.0,6.5,Low,No,Yes,No,57.2,Pass
15,Male,21.5,72.3,79.0,5.7,Low,No,No,Yes,48.6,Pass
17,Male,13.7,85.9,61.7,8.4,Medium,No,Yes,No,68.4,Pass
16,Male,11.3,100.0,81.0,6.5,Medium,No,Yes,No,68.2,Pass
18,Male,22.3,77.7,86.8,6.2,Medium,No,Yes,No,80.0,Pass
17,Female,10.1,88.6,51.3,7.2,Medium,Yes,Yes,Yes,57.3,Pass
16,Female,5.1,64.5,52.4,8.2,Medium,No,Yes,No,42.2,Pass
16,Male,4.1,68.5,62.9,10.6,Low,Yes,Yes,Yes,45.5,Pass
17,Male,19.2,85.7,69.6,8.2,Medium,No,No,Yes,62.7,Pass
15,Male,6.0,97.8,57.1,8.7,Medium,No,No,Yes,40.7,Pass
15,Female,27.3,84.3,85.3,6.2,Medium,No,Yes,Yes,80.2,Pass
17,Male,0.4,76.2,71.4,5.5,High,No,Yes,No,43.7,Pass
18,Female,26.9,80.0,65.6,7.1,High,No,Yes,No,77.0,Pass
15,Female,16.5,65.0,43.5,7.2,High,Yes,Yes,No,38.0,Fail
16,Female,14.3,87.3,45.3,5.4,Medium,Yes,No,No,46.1,Pass
16,Female,11.2,90.6,69.2,6.7,Low,No,Yes,Yes,51.4,Pass
18,Female,17.8,74.6,33.0,7.6,Medium,No,Yes,No,41.8,Pass
16,Male,14.7,74.4,80.2,7.5,Low,No,Yes,Yes,60.5,Pass
15,Female,22.7,83.2,62.6,7.8,Medium,Yes,Yes,No,61.3,Pass
18,Female,15.8,74.8,100.0,7.4,Low,No,No,No,80.8,Pass
15,Male,16.1,79.2,99.6,6.2,High,No,Yes,Yes,79.0,Pass
18,Male,12.5,100.0,62.3,6.2,Low,No,Yes,No,53.4,Pass
17,Female,14.6,77.0,63.4,5.2,High,No,Yes,Yes,50.2,Pass
16,Male,17.2,75.7,79.9,9.7,High,No,Yes,No,77.4,Pass
18,Male,3.0,72.2,90.5,7.0,Medium,No,Yes,Yes,63.0,Pass
17,Male,5.6,88.9,40.4,6.7,High,No,Yes,No,47.8,Pass
15,Female,20.2,77.8,38.2,5.6,Medium,No,Yes,Yes,49.2,Pass
17,Female,16.2,72.2,55.7,11.0,High,Yes,No,No,64.3,Pass
15,Male,13.7,95.9,73.7,5.4,Medium,No,Yes,No,61.5,Pass
18,Male,15.1,97.0,72.5,6.4,High,Yes,Yes,No,64.6,Pass
18,Female,17.4,72.8,81.0,7.6,Medium,Yes,Yes,No,70.2,Pass
16,Female,11.2,57.6,47.0,7.9,High,No,Yes,No,44.0,Pass
16,Male,9.6,92.1,30.3,8.4,Medium,Yes,Yes,No,47.1,Pass
18,Female,16.4,71.8,77.9,9.7,Medium,No,No,Yes,63.2,Pass
15,Female,8.2,89.5,52.6,7.8,High,No,Yes,Yes,59.6,Pass
15,Male,17.9,56.4,34.7,5.4,High,No,Yes,No,49.1,Pass
18,Male,3.1,90.7,67.2,6.6,Medium,No,Yes,No,46.2,Pass
15,Female,22.2,65.5,76.9,7.5,Low,Yes,Yes,No,57.5,Pass
18,Female,18.3,88.8,63.2,10.1,Medium,No,No,Yes,68.5,Pass
16,Female,16.8,80.2,58.1,4.9,High,Yes,Yes,No,69.0,Pass
15,Male,21.9,68.6,62.6,8.8,High,No,No,Yes,53.6,Pass
16,Male,26.7,75.1,59.4,7.3,High,No,No,No,76.8,Pass
17,Male,22.1,88.2,44.8,8.3,Low,Yes,Yes,No,59.7,Pass
16,Male,2.1,81.3,54.3,6.8,Medium,No,Yes,Yes,36.7,Fail
17,Female,6.0,87.0,72.8,5.7,Medium,No,No,No,57.7,Pass
16,Male,10.6,100.0,69.8,8.1,High,No,Yes,Yes,73.4,Pass
16,Male,15.2,61.2,67.5,8.0,Low,No,Yes,No,57.0,Pass
15,Female,18.6,99.4,50.1,8.5,High,Yes,Yes,No,71.4,Pass
16,Male,9.9,81.3,62.3,7.0,Medium,No,Yes,No,55.6,Pass
18,Female,16.3,69.2,32.3,6.1,Low,No,Yes,No,31.8,Fail
15,Male,9.7,64.0,67.7,4.7,Medium,No,Yes,Yes,43.6,Pass
15,Female,10.7,77.7,86.4,8.2,Medium,Yes,Yes,No,63.7,Pass
15,Female,5.2,91.1,42.9,7.6,Medium,No,No,No,32.5,Fail
16,Female,8.5,78.5,56.2,5.6,Low,Yes,Yes,No,40.1,Pass
15,Male,5.5,98.1,69.9,6.2,Low,Yes,Yes,Yes,45.6,Pass
17,Female,8.2,62.6,83.8,6.3,High,No,Yes,No,62.0,Pass
17,Male,22.4,79.9,58.3,4.8,Low,No,Yes,No,53.8,Pass
16,Male,8.4,65.0,54.6,5.8,Low,No,Yes,No,39.1,Fail
15,Male,33.4,84.4,35.5,5.3,Medium,No,Yes,No,51.6,Pass
18,Male,18.5,90.6,66.6,6.4,Medium,No,Yes,No,64.5,Pass
18,Male,16.3,75.0,95.6,5.9,High,Yes,Yes,No,81.9,Pass
17,Male,9.0,48.7,69.2,4.6,Medium,No,Yes,No,41.1,Pass
16,Female,19.9,82.4,64.7,10.0,High,Yes,No,Yes,67.1,Pass
16,Female,11.0,85.2,69.8,8.9,Medium,No,Yes,No,51.6,Pass
16,Male,15.9,84.9,64.8,5.8,Low,Yes,No,No,54.2,Pass
16,Male,32.9,94.8,52.8,7.4,Low,Yes,No,No,73.0,Pass
16,Male,14.3,67.1,77.3,7.6,Medium,No,Yes,No,65.5,Pass
15,Male,23.0,88.2,68.4,8.8,Medium,Yes,Yes,No,82.4,Pass
15,Male,10.1,94.3,65.3,5.8,High,Yes,Yes,Yes,60.4,Pass
15,Female,14.8,58.7,50.4,8.6,Medium,No,No,No,45.4,Pass
18,Female,27.4,83.8,84.6,6.2,Medium,Yes,Yes,No,85.8,Pass
15,Male,10.6,73.9,75.0,5.0,Low,Yes,Yes,No,57.0,Pass
16,Male,27.7,79.0,56.7,8.1,Low,Yes,Yes,No,58.1,Pass
16,Female,20.0,84.2,80.0,8.9,Medium,No,Yes,No,71.1,Pass
18,Male,11.1,74.2,57.5,10.9,Medium,No,Yes,Yes,61.2,Pass
18,Male,19.4,71.9,53.3,5.2,Medium,No,Yes,No,37.7,Fail
17,Male,21.8,80.4,53.6,8.0,Low,No,Yes,No,56.8,Pass
18,Female,19.4,67.0,38.4,6.4,Medium,Yes,Yes,No,53.8,Pass
17,Female,4.0,67.0,72.1,8.2,High,No,Yes,No,53.5,Pass
15,Male,9.9,88.2,37.5,4.8,Medium,Yes,Yes,Yes,33.3,Fail
16,Female,13.3,66.2,46.6,5.1,Medium,No,Yes,Yes,38.2,Fail
17,Female,14.5,88.0,33.9,5.8,High,No,Yes,No,44.2,Pass
17,Male,19.3,85.6,63.7,7.1,Medium,No,Yes,No,64.6,Pass
17,Female,16.2,59.3,62.7,6.0,Medium,Yes,No,No,45.2,Pass
18,Female,5.7,71.9,60.1,8.0,Low,Yes,Yes,No,49.9,Pass
18,Female,17.7,94.3,49.4,8.5,Medium,No,Yes,No,67.5,Pass
18,Female,19.3,68.2,47.4,7.9,Low,Yes,Yes,No,49.4,Pass
17,Female,18.9,74.4,72.0,9.4,High,No,Yes,Yes,62.8,Pass
15,Female,22.6,85.5,56.7,7.6,High,No,Yes,No,66.7,Pass
16,Male,20.8,89.4,69.7,5.2,High,No,Yes,No,71.3,Pass
18,Male,18.2,77.0,51.7,9.0,High,Yes,Yes,Yes,64.3,Pass
15,Male,14.5,72.8,67.7,6.1,Medium,No,Yes,No,50.5,Pass
18,Female,3.4,97.1,84.5,8.4,Medium,No,Yes,No,58.4,Pass
18,Male,18.0,100.0,73.8,9.4,High,No,Yes,No,83.5,Pass
17,Female,16.5,91.7,58.8,7.7,High,Yes,Yes,Yes,70.5,Pass
17,Female,16.9,81.0,68.9,4.8,Medium,Yes,Yes,No,58.1,Pass
18,Male,6.1,70.3,61.4,5.6,High,Yes,Yes,Yes,38.4,Fail
16,Female,7.4,70.0,65.1,9.0,Medium,Yes,No,Yes,64.7,Pass
18,Male,22.4,86.3,60.1,6.7,Medium,No,Yes,No,70.1,Pass
16,Female,14.7,85.0,62.5,7.1,Medium,No,Yes,No,56.9,Pass
15,Male,19.8,96.8,68.2,8.1,Low,Yes,Yes,No,74.9,Pass
18,Male,15.2,87.8,50.1,8.0,Low,No,Yes,No,49.5,Pass
16,Male,15.2,62.0,49.8,7.4,Low,Yes,Yes,No,49.9,Pass
15,Male,21.6,92.6,44.2,6.7,Medium,Yes,Yes,No,60.2,Pass
15,Female,11.4,68.0,41.0,6.5,Medium,Yes,Yes,No,40.4,Pass
17,Male,15.7,75.4,46.7,8.3,Medium,Yes,Yes,No,51.5,Pass
15,Female,11.8,83.0,67.4,7.8,High,No,Yes,No,54.8,Pass
17,Male,12.0,100.0,51.6,6.6,Medium,Yes,Yes,No,66.1,Pass
15,Male,12.8,100.0,72.7,8.6,Medium,No,Yes,Yes,59.4,Pass
15,Male,16.6,87.3,65.5,6.8,Low,No,Yes,No,50.1,Pass
16,Female,11.6,77.8,35.5,5.7,Low,No,Yes,No,31.1,Fail
16,Male,23.8,86.4,74.8,5.9,High,Yes,No,No,69.9,Pass
17,Male,8.7,90.7,77.2,5.5,Medium,Yes,Yes,No,60.7,Pass
18,Female,13.7,76.2,50.1,6.6,High,Yes,Yes,Yes,55.7,Pass
16,Male,11.9,100.0,71.3,8.9,Low,No,Yes,No,68.6,Pass
15,Female,25.1,82.8,52.2,5.8,Medium,Yes,Yes,No,68.6,Pass
17,Male,16.4,86.0,66.5,7.3,Medium,No,Yes,Yes,58.2,Pass
17,Male,22.2,88.0,46.0,6.0,Low,No,No,No,48.1,Pass
17,Male,4.6,85.1,38.1,6.6,Low,No,Yes,No,31.6,Fail
15,Female,16.9,90.1,59.3,4.7,Low,No,Yes,No,42.2,Pass
16,Male,21.2,72.6,63.1,6.7,Medium,Yes,Yes,No,67.7,Pass
18,Male,15.6,73.3,59.0,6.7,Low,No,Yes,No,41.2,Pass
17,Male,22.5,66.8,47.2,7.8,High,No,Yes,No,72.3,Pass
15,Female,11.4,85.3,59.0,7.3,Medium,No,Yes,No,50.9,Pass
16,Female,24.9,89.3,69.0,5.2,Low,No,Yes,No,66.4,Pass
16,Female,31.1,85.5,64.3,8.6,Low,No,Yes,No,71.3,Pass
18,Female,12.5,100.0,67.7,7.3,Medium,Yes,Yes,No,61.2,Pass
17,Female,11.9,79.9,54.9,7.3,Low,Yes,No,No,56.9,Pass
15,Female,25.2,88.0,82.6,7.0,High,Yes,Yes,No,94.2,Pass
16,Male,26.1,66.9,47.4,6.2,High,Yes,Yes,No,54.5,Pass
15,Male,11.3,75.4,72.3,7.3,Low,Yes,Yes,No,65.1,Pass
16,Male,12.1,88.3,82.7,7.7,Medium,No,Yes,No,75.6,Pass
17,Male,13.0,90.2,72.2,4.4,Low,No,No,Yes,45.5,Pass
17,Male,5.6,76.5,62.0,6.2,Medium,No,No,Yes,38.5,Fail
18,Female,8.6,79.1,57.1,6.6,Medium,No,Yes,Yes,43.4,Pass
16,Female,8.0,61.8,80.5,7.4,Medium,No,Yes,Yes,64.4,Pass
15,Female,9.6,75.7,43.7,8.8,Low,Yes,Yes,No,35.9,Fail
16,Male,14.8,90.7,50.4,5.8,Medium,Yes,Yes,Yes,51.3,Pass
15,Female,16.6,86.9,59.0,6.3,Medium,No,Yes,No,55.3,Pass
18,Male,25.9,86.0,83.6,6.2,Low,Yes,Yes,Yes,67.7,Pass
16,Female,8.0,80.6,70.7,5.8,Medium,Yes,Yes,No,67.7,Pass
17,Male,21.9,80.1,50.5,6.5,Medium,Yes,No,No,47.5,Pass
15,Female,13.5,72.1,60.3,8.2,High,Yes,Yes,Yes,59.6,Pass
17,Male,14.7,88.4,55.8,5.4,Low,No,Yes,No,38.6,Fail
18,Female,19.7,85.1,54.4,7.6,High,No,No,Yes,54.9,Pass
18,Male,7.1,85.9,79.7,4.4,Medium,No,Yes,No,58.4,Pass
15,Female,17.7,73.7,44.4,6.2,Low,No,Yes,No,38.6,Fail
16,Male,16.2,54.2,89.1,6.5,Medium,Yes,Yes,No,71.6,Pass
17,Male,18.4,93.2,77.4,9.5,Medium,Yes,Yes,Yes,73.8,Pass
17,Male,17.0,74.3,81.4,6.6,High,Yes,No,No,76.9,Pass
15,Male,32.2,69.6,58.1,3.7,Low,Yes,Yes,No,72.5,Pass
15,Female,10.5,88.3,62.8,4.0,Medium,No,Yes,No,46.7,Pass
15,Female,11.3,75.3,43.5,7.1,Medium,No,Yes,No,42.2,Pass
18,Female,10.6,92.7,57.1,7.9,High,No,No,No,55.3,Pass
18,Male,11.1,87.4,72.4,7.6,Medium,Yes,No,No,62.0,Pass
17,Female,10.5,88.2,84.4,7.3,High,No,Yes,Yes,69.0,Pass
16,Male,23.3,63.6,48.4,8.7,High,No,Yes,Yes,60.4,Pass
15,Female,24.9,94.5,59.5,6.2,Medium,No,Yes,No,67.6,Pass
18,Male,11.0,83.1,62.7,8.3,High,No,Yes,Yes,58.6,Pass
16,Female,9.2,75.6,44.1,4.6,High,No,Yes,Yes,45.8,Pass
15,Male,18.3,81.7,73.9,5.6,Medium,No,Yes,Yes,66.5,Pass
16,Male,11.1,58.7,54.1,4.3,Medium,No,Yes,No,43.3,Pass
15,Female,19.4,84.9,62.1,6.6,Medium,Yes,Yes,No,69.0,Pass
16,Female,16.4,67.6,58.2,6.9,Medium,No,Yes,No,52.5,Pass
17,Female,4.4,63.8,53.2,7.2,Low,Yes,No,Yes,28.7,Fail
15,Male,25.8,61.7,64.9,7.1,Low,Yes,Yes,No,57.7,Pass
15,Male,27.6,93.4,61.8,5.6,Medium,No,Yes,No,79.7,Pass
17,Male,10.7,72.4,59.4,6.7,Medium,No,No,No,27.0,Fail
15,Female,12.3,98.4,54.1,4.8,Low,Yes,Yes,No,48.5,Pass
15,Male,17.0,73.6,69.8,9.0,High,No,Yes,No,76.9,Pass
18,Female,17.3,59.5,89.8,6.5,High,Yes,Yes,No,68.0,Pass
17,Male,19.6,66.6,67.1,6.3,Low,No,Yes,Yes,55.9,Pass
18,Female,29.1,94.8,79.9,9.4,Medium,No,Yes,Yes,82.6,Pass
17,Male,13.8,78.1,44.1,5.1,Medium,No,Yes,Yes,37.4,Fail
16,Male,9.4,73.4,67.4,5.3,High,No,Yes,No,60.4,Pass
17,Female,5.3,81.9,48.5,5.4,Low,Yes,Yes,Yes,33.3,Fail
17,Male,9.9,86.0,42.8,6.9,Low,No,Yes,No,26.1,Fail
18,Male,14.8,93.4,53.9,7.6,High,Yes,Yes,Yes,54.9,Pass
15,Female,27.6,97.4,82.9,8.1,High,No,Yes,No,99.3,Pass
17,Male,11.4,75.7,79.3,10.9,High,No,Yes,No,75.0,Pass
15,Female,16.6,64.1,68.6,3.6,High,No,Yes,No,68.9,Pass
17,Female,14.9,75.0,42.0,7.9,Low,Yes,Yes,No,54.2,Pass
18,Male,23.3,83.1,62.1,6.2,Medium,Yes,Yes,Yes,62.8,Pass
17,Male,32.7,68.4,69.5,6.1,Low,Yes,Yes,No,89.5,Pass
16,Male,11.3,68.5,67.6,6.1,Low,No,Yes,Yes,45.0,Pass
17,Female,11.6,84.1,37.3,5.6,High,No,No,No,33.0,Fail
17,Male,22.3,79.4,51.6,9.5,Low,Yes,Yes,No,57.3,Pass
15,Female,19.8,80.4,64.0,8.3,Medium,No,Yes,Yes,48.9,Pass
15,Male,27.9,70.9,73.0,7.0,High,No,Yes,Yes,86.8,Pass
16,Male,19.1,77.2,32.1,9.0,Low,Yes,Yes,No,55.0,Pass
17,Female,12.5,68.9,62.6,4.7,High,No,Yes,No,47.4,Pass
15,Male,19.1,90.7,67.1,5.0,High,No,Yes,No,67.8,Pass
17,Male,22.8,92.4,77.7,3.7,Medium,No,Yes,No,73.1,Pass
18,Male,20.7,57.8,75.4,6.0,Low,Yes,Yes,No,55.9,Pass
18,Male,18.6,68.8,73.7,7.2,Medium,Yes,No,Yes,48.5,Pass
16,Male,22.5,62.0,53.0,7.2,Medium,Yes,Yes,No,56.8,Pass
18,Female,23.2,72.2,36.4,7.2,Medium,Yes,No,Yes,42.5,Pass
15,Male,24.7,79.0,59.1,4.9,Medium,Yes,Yes,No,62.4,Pass
15,Female,19.5,62.6,80.0,8.2,High,No,Yes,No,75.8,Pass
16,Male,13.8,68.9,85.9,7.4,Low,No,Yes,Yes,68.3,Pass
17,Male,16.0,68.0,75.7,8.1,High,No,Yes,No,67.6,Pass
15,Female,23.4,82.5,71.4,4.2,Low,Yes,No,No,62.0,Pass
18,Male,9.3,80.8,70.7,7.5,Medium,No,Yes,No,60.9,Pass
15,Male,17.6,71.3,56.7,5.2,High,No,Yes,Yes,57.5,Pass
16,Female,12.2,82.1,63.0,6.4,Medium,No,Yes,Yes,47.6,Pass
18,Female,15.2,73.4,90.0,7.8,Low,No,Yes,No,68.9,Pass
18,Male,23.9,76.7,50.9,7.1,Medium,No,Yes,No,63.5,Pass
18,Female,16.3,100.0,89.2,5.7,High,No,No,No,69.9,Pass
16,Female,15.3,96.1,60.2,7.0,Medium,Yes,Yes,Yes,67.1,Pass
16,Female,5.5,64.4,84.9,4.7,Medium,No,Yes,No,60.5,Pass
17,Female,20.2,90.0,43.9,8.7,Medium,Yes,Yes,No,55.6,Pass
17,Male,19.5,89.7,73.8,6.7,High,Yes,Yes,No,78.7,Pass
17,Male,30.1,66.2,53.9,8.7,High,Yes,Yes,No,79.3,Pass
16,Female,12.8,89.8,43.8,6.2,Medium,Yes,Yes,No,44.7,Pass
18,Male,16.5,98.5,68.3,6.2,High,Yes,No,No,70.6,Pass
18,Female,16.7,66.5,80.1,5.9,Medium,Yes,Yes,No,66.9,Pass
15,Male,26.0,69.0,52.3,8.3,Medium,Yes,Yes,No,56.3,Pass
17,Male,14.3,92.2,42.5,5.9,Low,No,Yes,No,45.9,Pass
18,Female,17.0,83.3,63.6,8.0,Medium,Yes,Yes,No,57.8,Pass
18,Female,19.3,86.6,63.7,6.4,Medium,No,Yes,No,69.1,Pass
18,Male,16.3,84.1,73.2,4.0,Low,Yes,Yes,Yes,52.3,Pass
18,Male,11.9,84.7,79.2,6.1,Medium,No,Yes,Yes,59.1,Pass
16,Male,16.4,64.1,64.1,5.2,High,No,Yes,Yes,63.4,Pass
17,Female,22.5,92.6,92.8,7.1,Medium,No,Yes,Yes,85.5,Pass
18,Male,7.8,94.0,68.4,5.2,Medium,No,Yes,Yes,44.0,Pass
18,Female,15.9,77.2,59.8,8.4,High,Yes,No,No,54.2,Pass
18,Female,10.1,79.5,40.8,6.9,Low,No,Yes,No,32.1,Fail
18,Female,23.4,61.6,61.1,6.7,Medium,No,No,No,58.2,Pass
15,Male,4.3,86.2,60.0,8.0,High,No,Yes,Yes,51.4,Pass
18,Female,11.1,86.9,79.4,8.4,Medium,No,Yes,Yes,58.2,Pass
18,Male,17.6,79.3,71.9,7.0,Medium,Yes,No,No,55.2,Pass
18,Female,26.0,93.5,47.3,5.8,Low,No,No,No,55.4,Pass
15,Male,14.5,76.0,67.6,4.3,High,Yes,Yes,No,60.6,Pass
16,Male,11.1,86.8,75.1,6.0,Medium,No,Yes,No,73.1,Pass
15,Female,28.2,67.8,87.9,6.1,High,Yes,Yes,No,88.6,Pass
18,Female,4.9,79.7,78.3,7.2,Medium,No,Yes,No,66.0,Pass
16,Male,0.0,77.9,76.4,6.5,Medium,Yes,Yes,No,42.2,Pass
18,Male,18.1,82.7,65.9,8.0,High,Yes,Yes,No,62.4,Pass
16,Female,11.5,75.6,70.8,6.1,Medium,No,Yes,No,48.9,Pass
18,Female,7.9,78.4,83.7,6.9,Medium,No,Yes,No,67.8,Pass
18,Male,20.0,89.9,45.0,8.8,Medium,No,Yes,No,68.9,Pass
16,Male,16.7,74.8,59.8,7.5,High,Yes,Yes,Yes,56.5,Pass
16,Female,11.1,60.7,53.4,6.9,Medium,Yes,No,No,37.3,Fail
18,Male,6.0,100.0,70.7,6.1,Medium,No,Yes,No,48.7,Pass
15,Female,21.1,96.6,83.5,6.1,Low,No,No,No,58.5,Pass
15,Female,19.6,64.5,56.0,5.7,High,No,Yes,No,62.4,Pass
15,Female,14.3,88.3,29.1,6.2,Low,No,Yes,No,36.5,Fail
15,Female,27.9,74.0,58.8,8.1,Medium,No,Yes,No,69.8,Pass
16,Male,7.5,83.2,78.7,6.7,Medium,No,Yes,No,49.9,Pass
16,Female,4.3,83.5,73.1,5.0,Medium,No,Yes,Yes,56.1,Pass
15,Female,10.2,77.2,71.4,9.7,Medium,No,Yes,No,57.2,Pass
17,Male,14.7,70.6,60.8,7.5,Low,No,No,Yes,45.7,Pass
17,Male,16.7,71.7,45.8,4.9,Medium,No,Yes,Yes,33.1,Fail
17,Female,13.3,69.0,72.7,6.3,High,No,Yes,No,61.3,Pass
18,Female,17.5,70.0,52.5,7.2,High,Yes,Yes,Yes,58.1,Pass
15,Female,6.2,79.2,97.8,9.6,Low,Yes,Yes,No,70.7,Pass
18,Female,25.1,71.4,73.6,5.3,High,Yes,Yes,Yes,74.9,Pass
16,Female,14.4,88.2,56.3,8.5,Medium,No,No,Yes,52.5,Pass
16,Female,22.8,97.8,55.8,9.1,High,Yes,Yes,No,70.1,Pass
17,Male,17.4,73.0,63.6,6.1,Medium,Yes,Yes,No,60.7,Pass
17,Male,18.2,82.9,61.4,6.6,Medium,No,Yes,No,61.1,Pass
16,Female,19.0,86.0,81.8,5.4,High,No,Yes,No,77.9,Pass
17,Male,18.1,85.7,67.8,6.7,High,No,Yes,No,70.1,Pass
17,Male,19.5,80.9,54.0,6.9,Medium,No,Yes,No,50.2,Pass
16,Female,24.3,88.9,93.4,8.0,Medium,No,Yes,No,80.4,Pass
18,Male,16.4,85.8,65.7,8.6,Medium,No,Yes,No,51.3,Pass
17,Male,20.0,65.1,76.5,5.9,Medium,No,Yes,No,70.1,Pass
18,Female,14.4,90.4,55.9,4.0,Medium,No,Yes,Yes,53.2,Pass
17,Female,25.1,90.6,70.4,7.0,Medium,Yes,Yes,No,82.5,Pass
15,Female,10.3,70.8,69.7,7.4,High,No,Yes,No,61.3,Pass
18,Male,27.6,80.5,36.7,7.4,Low,Yes,Yes,No,42.9,Pass
18,Female,14.7,88.2,95.2,6.5,Medium,Yes,Yes,No,72.2,Pass
17,Male,5.0,77.5,84.4,7.2,Low,No,No,No,50.1,Pass
18,Female,15.9,92.9,59.0,9.3,Medium,Yes,Yes,No,65.9,Pass
15,Female,10.2,100.0,48.5,7.6,Low,No,Yes,No,44.9,Pass
16,Female,20.9,70.6,70.2,6.4,Medium,No,Yes,Yes,64.1,Pass
15,Female,10.4,63.4,66.3,6.2,High,No,Yes,Yes,51.2,Pass
16,Male,11.9,83.6,70.3,6.7,High,No,No,No,59.5,Pass
15,Male,1.8,88.7,67.9,9.5,Low,No,Yes,No,43.8,Pass
15,Female,11.8,77.2,72.6,6.7,Medium,Yes,Yes,Yes,63.2,Pass
18,Male,0.0,97.4,86.7,7.0,Medium,No,Yes,Yes,52.9,Pass
15,Female,3.9,63.9,73.5,6.3,High,No,Yes,No,43.2,Pass
17,Female,20.3,88.3,49.3,8.6,High,No,Yes,No,60.9,Pass
17,Male,20.5,72.7,85.4,9.9,Medium,No,Yes,No,76.5,Pass
17,Male,18.0,100.0,89.6,7.7,Medium,Yes,Yes,No,89.5,Pass
17,Female,8.2,100.0,100.0,7.1,High,Yes,Yes,Yes,79.5,Pass
18,Female,14.7,70.8,48.1,7.1,Low,Yes,No,No,38.8,Fail
17,Female,15.0,73.4,68.6,3.4,Medium,Yes,Yes,Yes,45.2,Pass
15,Male,6.9,90.3,33.8,8.1,High,No,Yes,Yes,43.6,Pass
17,Female,25.5,75.4,73.3,7.2,High,No,No,No,70.1,Pass
18,Female,21.1,79.5,56.8,7.6,Medium,Yes,Yes,No,63.2,Pass
16,Female,13.5,80.3,93.9,5.9,Medium,No,Yes,Yes,77.3,Pass
15,Female,15.2,57.0,53.4,6.4,Medium,No,Yes,Yes,46.0,Pass
15,Female,16.5,79.8,39.7,6.4,Medium,Yes,Yes,No,37.7,Fail
18,Female,0.7,71.7,57.9,8.5,Medium,Yes,Yes,No,30.8,Fail
16,Male,13.3,74.1,35.4,6.4,Medium,No,Yes,Yes,34.8,Fail
17,Female,10.2,97.3,76.3,10.1,High,No,Yes,No,66.4,Pass
16,Female,8.0,64.9,34.0,7.6,High,No,No,Yes,32.1,Fail
15,Male,13.0,89.8,65.4,5.1,Low,Yes,Yes,No,54.6,Pass
15,Male,27.6,76.7,33.8,6.8,Medium,No,Yes,No,55.3,Pass
15,Female,19.5,76.6,60.2,6.0,Medium,Yes,Yes,No,56.5,Pass
16,Male,11.0,89.5,89.7,3.7,Medium,Yes,Yes,No,77.8,Pass
17,Female,19.0,84.1,70.4,9.4,Low,No,Yes,No,83.8,Pass
15,Male,24.8,86.8,52.0,8.1,Medium,Yes,Yes,No,66.0,Pass
18,Male,21.5,91.6,64.5,7.8,High,Yes,Yes,Yes,75.8,Pass
17,Female,15.4,76.0,65.3,7.2,Medium,Yes,No,Yes,53.3,Pass
15,Male,10.5,72.7,72.1,4.9,High,Yes,Yes,No,58.2,Pass
17,Female,19.9,67.0,44.5,6.3,High,No,Yes,Yes,45.5,Pass
18,Male,17.8,70.1,73.9,8.3,Low,No,No,No,50.6,Pass
16,Female,21.3,100.0,24.4,5.4,Low,Yes,Yes,No,37.2,Fail
15,Male,19.4,94.9,55.6,3.2,High,Yes,Yes,No,65.9,Pass
18,Female,22.3,63.8,57.7,6.7,High,Yes,Yes,No,62.1,Pass
15,Female,11.3,64.1,74.5,6.8,Low,No,Yes,No,36.1,Fail
15,Female,24.2,85.8,65.3,7.2,Low,Yes,No,No,66.5,Pass
16,Female,16.4,86.6,43.9,8.1,Low,No,Yes,Yes,44.7,Pass
16,Male,29.5,86.6,50.2,8.0,High,Yes,Yes,No,84.8,Pass
17,Female,10.2,76.9,68.0,7.4,Low,Yes,Yes,Yes,52.1,Pass
18,Male,27.2,78.5,63.8,8.8,Medium,No,Yes,Yes,61.9,Pass
18,Male,16.4,83.9,56.3,4.7,High,No,Yes,No,44.7,Pass
16,Female,10.4,81.0,57.8,7.8,Low,Yes,Yes,Yes,41.8,Pass
15,Female,11.6,53.4,75.4,7.9,Medium,No,Yes,Yes,48.8,Pass
17,Male,12.8,77.2,57.2,5.1,Medium,No,Yes,Yes,51.2,Pass
16,Male,18.0,69.8,63.7,4.7,High,No,Yes,No,60.3,Pass
17,Male,18.7,82.1,97.5,5.9,Medium,No,Yes,No,86.3,Pass
17,Female,11.0,100.0,43.6,6.0,Medium,No,Yes,Yes,35.1,Fail
18,Female,14.8,84.4,37.2,8.1,Medium,No,No,No,46.9,Pass
17,Male,30.0,76.2,76.8,6.1,Low,Yes,No,Yes,73.7,Pass
18,Male,27.1,91.1,54.8,5.7,Low,No,Yes,No,51.2,Pass
15,Male,18.1,85.8,60.2,6.1,Medium,No,No,No,62.5,Pass
15,Female,15.3,85.0,53.3,8.7,Medium,Yes,Yes,No,58.9,Pass
16,Male,15.8,87.3,61.1,7.0,High,Yes,Yes,No,68.7,Pass
15,Male,19.3,100.0,89.0,6.7,High,Yes,Yes,No,83.1,Pass
18,Male,7.8,66.4,77.0,6.8,Medium,No,Yes,Yes,58.5,Pass
17,Male,13.2,85.7,77.9,8.9,Medium,No,Yes,No,61.1,Pass
17,Female,3.3,68.9,43.8,5.9,Medium,No,Yes,Yes,31.7,Fail
15,Male,17.8,86.7,47.7,9.0,High,Yes,No,No,63.9,Pass
18,Female,19.5,69.0,22.4,7.3,Medium,No,Yes,Yes,29.2,Fail
17,Female,11.6,75.0,52.9,6.8,Medium,No,Yes,No,58.6,Pass
15,Male,26.0,76.5,79.4,10.8,Medium,Yes,Yes,Yes,83.9,Pass
18,Female,6.4,91.7,72.8,5.4,Medium,No,Yes,Yes,55.1,Pass
18,Male,4.7,91.0,61.7,6.5,Medium,No,Yes,No,38.4,Fail
17,Male,16.6,65.1,64.7,5.2,Medium,No,Yes,No,66.5,Pass
16,Male,22.3,80.7,54.7,8.4,Low,No,Yes,No,52.1,Pass
16,Male,26.8,71.5,68.1,9.5,High,No,Yes,No,86.2,Pass
18,Male,11.8,64.9,76.5,9.5,Low,Yes,Yes,No,53.5,Pass
18,Female,22.6,77.4,40.8,8.8,Low,No,Yes,Yes,45.1,Pass
15,Female,14.7,76.3,69.5,6.7,Medium,Yes,Yes,Yes,63.3,Pass
18,Male,13.8,100.0,79.0,6.5,Low,Yes,Yes,Yes,70.5,Pass
15,Female,21.2,85.2,58.8,4.5,Medium,Yes,Yes,No,54.0,Pass
15,Male,19.6,63.5,75.5,10.1,Medium,No,No,Yes,68.5,Pass
15,Female,4.0,73.2,100.0,7.7,Medium,No,Yes,Yes,68.5,Pass
18,Female,25.3,92.3,63.4,6.3,Medium,Yes,No,Yes,59.6,Pass
18,Male,24.7,100.0,70.9,9.0,Low,Yes,No,Yes,80.2,Pass
15,Female,10.6,61.0,53.9,5.5,Low,No,Yes,No,28.2,Fail
17,Female,17.8,57.4,67.7,7.6,High,No,Yes,Yes,56.8,Pass
18,Female,18.5,100.0,71.9,6.7,Medium,No,No,No,68.8,Pass
16,Male,16.8,84.7,67.9,8.0,Medium,No,No,No,54.8,Pass
17,Female,11.1,69.6,49.7,6.9,Low,No,Yes,No,40.9,Pass
16,Female,10.3,86.4,68.1,4.8,Medium,Yes,Yes,Yes,54.1,Pass
18,Female,14.8,48.4,86.9,7.1,Medium,No,Yes,No,61.8,Pass
17,Female,23.2,80.0,71.7,8.6,Medium,Yes,Yes,Yes,77.8,Pass
18,Female,18.8,83.9,79.4,7.0,High,No,Yes,No,75.4,Pass
18,Female,12.4,91.1,61.4,8.2,Low,Yes,Yes,Yes,54.8,Pass
17,Female,20.4,67.8,76.2,5.4,Medium,No,Yes,No,72.4,Pass
18,Female,0.0,81.0,69.2,7.0,High,No,Yes,No,54.5,Pass
17,Female,23.0,68.9,50.7,6.1,High,No,Yes,No,65.3,Pass
18,Male,2.8,83.1,69.8,8.1,Low,Yes,Yes,No,41.5,Pass
15,Female,12.5,69.3,50.1,7.0,Medium,No,Yes,No,48.3,Pass
16,Female,7.2,75.1,55.5,8.0,Low,Yes,No,No,33.0,Fail
15,Female,5.9,68.1,67.8,8.6,Low,Yes,Yes,Yes,37.1,Fail
18,Female,23.1,87.8,69.5,8.0,Medium,Yes,Yes,No,75.2,Pass
18,Female,11.7,90.3,47.2,7.4,Low,No,Yes,No,39.1,Fail
18,Male,17.4,77.2,80.8,5.5,High,No,Yes,No,76.9,Pass
15,Male,14.7,80.5,73.6,7.0,Medium,No,Yes,Yes,65.1,Pass
18,Male,18.3,62.6,54.4,6.2,Low,No,Yes,No,35.6,Fail
17,Male,15.5,76.4,41.9,6.5,Low,No,Yes,Yes,33.0,Fail
16,Female,6.0,79.4,62.8,6.4,High,No,Yes,Yes,39.9,Fail
18,Female,22.0,100.0,58.3,5.5,Low,Yes,Yes,Yes,57.8,Pass
18,Female,11.5,66.7,66.7,4.1,Medium,Yes,Yes,Yes,49.9,Pass
16,Male,4.1,97.6,59.6,6.0,Medium,No,No,No,40.2,Pass
16,Male,12.0,92.0,34.9,7.3,Medium,No,Yes,No,38.8,Fail
16,Male,25.5,83.4,59.2,5.0,Medium,No,Yes,Yes,69.7,Pass
15,Male,21.0,100.0,60.4,7.0,Low,No,Yes,No,50.0,Pass
15,Female,12.6,84.5,74.5,9.9,Low,Yes,Yes,No,72.1,Pass
18,Female,12.6,84.7,54.5,8.5,Low,Yes,Yes,No,48.5,Pass
16,Male,12.7,79.4,90.2,9.5,Medium,No,Yes,No,73.2,Pass
18,Female,29.5,94.7,36.3,7.6,Medium,Yes,Yes,No,62.4,Pass
18,Male,17.7,93.2,84.7,8.8,Medium,Yes,Yes,Yes,86.7,Pass
18,Male,18.0,72.5,61.6,5.9,Low,No,No,No,40.3,Pass
15,Male,22.2,64.2,77.9,6.0,Medium,Yes,Yes,No,70.4,Pass
16,Male,16.7,77.6,66.2,3.0,Medium,No,Yes,No,57.8,Pass
18,Female,13.2,70.4,82.1,8.8,High,No,Yes,No,61.8,Pass
15,Female,13.6,79.2,59.2,9.3,Medium,No,No,No,46.8,Pass
17,Male,14.5,94.8,48.5,6.2,Medium,Yes,No,No,47.7,Pass
17,Male,14.7,74.5,86.3,6.6,Medium,Yes,Yes,Yes,61.9,Pass
18,Female,20.1,79.5,63.3,5.9,High,No,Yes,Yes,58.7,Pass
18,Female,15.4,80.7,68.3,7.6,High,Yes,Yes,No,66.9,Pass
16,Male,20.1,90.2,83.5,8.7,Medium,Yes,Yes,No,85.6,Pass
16,Male,14.4,53.0,49.5,4.4,Low,Yes,Yes,No,34.9,Fail
18,Male,15.6,72.7,73.9,7.6,Medium,Yes,Yes,No,71.8,Pass
15,Male,1.0,82.5,56.2,6.6,Medium,Yes,Yes,No,34.5,Fail
18,Male,21.4,94.4,63.0,7.2,High,No,No,No,61.1,Pass
16,Female,17.4,74.1,66.1,7.7,Medium,Yes,No,No,70.1,Pass
16,Female,22.0,57.5,42.5,6.7,Low,Yes,Yes,Yes,39.1,Fail
15,Male,0.0,87.4,53.3,6.8,High,No,Yes,No,34.6,Fail
18,Male,29.6,72.4,85.3,6.7,High,No,No,No,73.1,Pass
16,Male,14.0,65.7,78.3,8.5,Medium,Yes,Yes,Yes,69.1,Pass
18,Male,22.8,72.5,64.1,7.6,Medium,Yes,Yes,Yes,62.8,Pass
16,Female,7.7,77.8,68.6,7.3,Medium,No,Yes,No,51.2,Pass
17,Female,19.3,72.7,60.6,5.1,High,No,Yes,Yes,57.4,Pass
17,Male,7.6,53.5,85.3,6.4,High,No,Yes,No,65.4,Pass
17,Female,10.6,90.8,62.0,8.3,Medium,No,Yes,No,55.9,Pass
16,Male,28.4,95.3,68.5,7.1,Medium,Yes,Yes,No,95.4,Pass
15,Male,13.7,87.8,82.2,8.0,High,No,Yes,No,76.0,Pass
17,Female,16.5,66.3,53.3,9.6,Medium,Yes,Yes,No,62.9,Pass
16,Male,21.1,77.6,88.4,8.6,Medium,No,Yes,No,84.9,Pass
18,Female,18.5,79.9,42.0,7.1,High,No,No,No,49.9,Pass
17,Male,16.1,87.2,89.4,6.2,Low,No,Yes,No,66.5,Pass
15,Male,17.6,88.0,59.4,3.2,Medium,Yes,Yes,No,58.7,Pass
15,Male,31.8,71.2,61.4,6.7,High,Yes,Yes,No,82.7,Pass
15,Male,14.6,81.0,36.6,6.5,High,No,Yes,Yes,40.8,Pass
18,Female,16.4,85.5,58.2,7.6,Medium,No,Yes,No,59.8,Pass
18,Male,22.4,97.5,49.4,6.8,Low,No,Yes,No,65.7,Pass
15,Female,22.7,88.5,55.9,6.5,Medium,Yes,Yes,Yes,75.1,Pass
15,Female,23.3,89.5,62.9,4.3,Medium,Yes,Yes,Yes,69.2,Pass
15,Male,19.5,81.0,79.4,5.6,Low,No,Yes,Yes,73.9,Pass
18,Female,7.0,96.9,68.1,7.7,High,Yes,Yes,No,60.2,Pass
18,Male,26.4,84.9,69.6,9.6,Medium,No,Yes,No,83.2,Pass
16,Female,7.0,69.7,48.6,6.9,Medium,No,Yes,Yes,43.1,Pass
17,Female,17.1,96.8,51.8,7.5,Medium,No,Yes,No,53.4,Pass
18,Male,9.7,88.4,92.0,8.4,High,No,Yes,No,74.1,Pass
15,Male,14.6,74.7,54.0,5.8,Medium,No,Yes,Yes,56.5,Pass
17,Female,17.3,74.2,89.8,7.6,Low,Yes,Yes,No,66.5,Pass
18,Male,17.2,83.6,61.4,5.9,Low,No,Yes,No,46.4,Pass
17,Male,18.0,85.6,65.0,8.3,Medium,Yes,Yes,No,76.5,Pass
16,Female,26.3,82.4,81.1,7.2,Medium,No,Yes,Yes,85.1,Pass
18,Female,18.2,83.7,84.1,7.4,Medium,Yes,Yes,Yes,75.9,Pass
15,Male,13.3,100.0,63.3,5.8,Medium,No,Yes,Yes,55.9,Pass
15,Female,21.7,92.9,59.2,8.1,Low,Yes,No,No,58.1,Pass
16,Male,23.3,82.3,64.2,10.1,Medium,Yes,Yes,No,76.4,Pass
16,Male,6.4,91.3,70.1,5.5,Medium,No,Yes,No,62.1,Pass
16,Female,19.2,67.6,78.4,6.5,Low,Yes,Yes,No,66.3,Pass
16,Male,19.9,84.8,65.1,7.3,Low,No,Yes,Yes,71.9,Pass
16,Female,12.9,100.0,74.3,8.2,Low,No,Yes,No,58.9,Pass
18,Male,24.6,77.4,89.6,6.2,Low,Yes,Yes,No,78.8,Pass
18,Male,13.9,69.8,70.7,3.0,Medium,No,Yes,No,50.0,Pass
17,Male,15.9,72.2,69.7,9.0,Low,Yes,No,No,49.9,Pass
16,Female,13.8,66.9,42.2,8.1,Medium,Yes,Yes,No,44.4,Pass
15,Female,15.1,70.6,25.5,4.4,Low,No,Yes,Yes,26.4,Fail
15,Male,7.3,75.6,70.8,6.1,High,No,Yes,Yes,56.2,Pass
16,Female,4.9,63.1,63.6,9.4,High,Yes,Yes,Yes,63.2,Pass
16,Female,26.2,80.2,57.3,9.2,Low,No,Yes,Yes,65.9,Pass
16,Male,9.1,90.8,68.7,8.4,Medium,No,Yes,No,66.0,Pass
16,Female,8.1,69.1,64.1,6.7,Low,No,No,Yes,35.9,Fail
16,Female,0.0,98.2,81.9,7.1,Medium,Yes,Yes,Yes,65.4,Pass
15,Female,10.5,86.1,66.3,6.8,Low,No,Yes,No,66.2,Pass
17,Male,5.7,92.4,53.8,8.7,Medium,No,Yes,No,51.2,Pass
16,Male,26.5,72.1,79.9,5.7,Medium,No,Yes,No,69.7,Pass
16,Female,22.1,90.3,61.7,5.8,High,No,Yes,No,67.2,Pass
16,Male,10.2,66.9,72.9,8.5,Low,No,Yes,No,54.5,Pass
18,Female,30.8,90.7,57.8,6.9,High,Yes,Yes,No,84.5,Pass
15,Male,21.9,82.1,55.3,9.1,High,No,Yes,Yes,70.8,Pass
15,Female,12.7,86.6,66.3,6.0,Low,Yes,Yes,No,57.9,Pass
17,Male,0.0,65.9,65.2,6.9,Medium,Yes,Yes,No,40.7,Pass
18,Female,31.0,69.3,72.2,5.6,Low,No,Yes,No,67.8,Pass
18,Male,5.3,87.2,61.0,7.0,Medium,Yes,Yes,Yes,49.0,Pass
18,Female,3.5,68.6,37.5,4.8,Medium,No,Yes,No,35.9,Fail
17,Male,22.2,85.6,58.5,6.3,Medium,No,Yes,Yes,66.5,Pass
17,Male,32.1,63.6,76.9,4.8,Medium,Yes,Yes,No,82.0,Pass
17,Male,24.7,90.2,60.5,8.0,High,No,No,No,77.2,Pass
18,Female,18.9,65.2,61.3,8.1,Low,No,Yes,No,52.7,Pass
15,Female,19.2,86.6,79.8,4.4,High,No,Yes,No,71.2,Pass
18,Female,21.0,87.5,54.3,9.0,Low,No,Yes,No,55.8,Pass
17,Male,20.3,71.6,41.9,10.7,High,Yes,No,No,56.6,Pass
18,Female,17.0,87.0,62.6,7.1,Medium,No,Yes,No,58.9,Pass
16,Male,15.7,83.1,57.7,6.0,Low,No,Yes,No,58.1,Pass
18,Male,14.6,73.5,50.5,11.0,High,Yes,Yes,Yes,55.8,Pass
18,Male,9.7,67.9,62.4,5.0,Medium,No,Yes,No,40.7,Pass
15,Female,13.0,56.4,72.4,7.0,Medium,No,Yes,Yes,63.5,Pass
15,Male,3.1,84.2,64.9,7.3,Medium,Yes,Yes,No,46.4,Pass
15,Female,14.3,61.2,69.6,9.0,Medium,Yes,No,No,56.8,Pass
16,Female,8.1,81.1,92.2,7.5,Medium,No,No,No,64.9,Pass
15,Male,7.3,76.8,59.9,6.3,High,Yes,Yes,No,45.7,Pass
16,Female,16.3,88.1,69.2,5.6,Low,No,Yes,Yes,62.7,Pass
17,Male,24.7,76.4,57.4,6.5,Medium,Yes,Yes,Yes,66.4,Pass
15,Male,21.4,76.0,52.3,5.5,High,No,Yes,No,69.9,Pass
18,Female,4.0,88.8,56.2,7.1,Low,Yes,Yes,Yes,35.1,Fail
18,Male,8.1,84.0,57.8,6.2,Low,Yes,No,No,40.5,Pass
16,Male,21.6,83.8,70.4,4.8,High,No,Yes,Yes,68.8,Pass
15,Male,8.1,85.6,100.0,8.9,Medium,No,Yes,No,76.3,Pass
18,Female,13.4,61.6,54.3,6.3,Medium,No,No,Yes,28.7,Fail
17,Female,18.9,89.1,58.8,5.1,Low,No,Yes,No,55.6,Pass
15,Female,8.2,87.3,64.1,6.7,Medium,Yes,Yes,No,45.7,Pass
17,Male,15.7,67.8,70.9,7.1,Low,Yes,Yes,No,60.1,Pass
18,Male,5.7,77.1,69.0,4.4,Medium,No,Yes,Yes,30.2,Fail
15,Female,10.8,79.5,84.3,7.5,High,No,Yes,No,59.2,Pass
16,Female,17.2,78.4,28.6,5.4,Medium,No,Yes,Yes,40.3,Pass
18,Female,3.8,84.0,29.2,9.6,Medium,Yes,Yes,No,30.4,Fail
17,Female,18.1,97.2,57.6,7.8,High,No,No,No,57.6,Pass
15,Female,14.9,93.0,81.5,6.4,Medium,Yes,No,No,74.6,Pass
17,Male,18.9,64.3,41.5,5.9,High,No,Yes,No,51.4,Pass
17,Female,16.6,87.5,19.9,6.8,Medium,No,Yes,No,42.5,Pass
16,Male,24.5,95.9,73.6,7.9,High,Yes,Yes,No,85.3,Pass
16,Male,15.9,84.6,68.7,7.0,Low,No,Yes,No,74.9,Pass
18,Male,12.0,93.1,48.6,6.7,Low,Yes,Yes,No,43.6,Pass
16,Male,15.9,100.0,50.2,7.1,Low,No,No,No,58.2,Pass
16,Female,18.8,92.3,50.5,6.1,Medium,Yes,No,No,53.3,Pass
18,Male,15.3,83.0,66.7,6.5,High,No,Yes,Yes,52.1,Pass
18,Female,15.3,92.5,55.6,3.9,Medium,Yes,Yes,No,57.2,Pass
18,Male,10.1,81.7,72.4,8.5,Medium,No,Yes,No,61.9,Pass
18,Female,10.4,80.3,22.2,7.4,High,No,Yes,Yes,26.5,Fail
17,Female,5.2,75.8,52.1,5.8,Medium,No,Yes,Yes,29.6,Fail
17,Male,27.2,98.8,48.1,9.8,Medium,Yes,Yes,No,73.7,Pass
18,Female,6.3,70.2,61.2,7.1,Medium,No,Yes,No,46.9,Pass
18,Male,10.1,98.4,56.9,5.4,Medium,Yes,Yes,No,38.4,Fail
15,Female,10.0,86.0,77.0,8.3,Low,No,No,No,60.5,Pass
15,Male,21.3,63.2,37.1,7.6,High,Yes,Yes,No,51.0,Pass
15,Male,12.9,84.4,65.7,7.6,Low,No,Yes,No,46.9,Pass
16,Female,23.7,54.8,73.4,6.4,Low,Yes,Yes,No,69.4,Pass
17,Female,10.3,87.5,92.8,7.7,High,Yes,Yes,No,78.6,Pass
17,Male,17.0,90.6,57.8,6.6,Medium,Yes,Yes,Yes,65.3,Pass
15,Male,9.2,72.9,69.9,7.8,Medium,No,Yes,No,57.1,Pass
15,Female,30.0,81.5,37.9,4.1,Medium,Yes,No,Yes,50.5,Pass
17,Male,6.7,100.0,29.1,6.3,Medium,No,Yes,No,33.0,Fail
16,Male,17.2,73.9,77.7,9.6,Medium,No,Yes,No,73.4,Pass
15,Male,19.4,67.3,64.9,5.8,Medium,No,Yes,Yes,53.2,Pass
18,Female,17.9,97.8,82.7,6.1,Medium,No,Yes,No,69.6,Pass
15,Male,13.7,100.0,44.4,6.3,High,Yes,Yes,No,60.6,Pass
17,Male,14.1,80.0,72.8,5.2,Medium,No,No,No,53.5,Pass
17,Female,15.3,92.1,93.0,3.7,High,Yes,Yes,No,79.8,Pass
15,Male,14.0,96.1,71.3,6.7,Low,No,Yes,No,67.1,Pass
15,Male,21.7,71.1,69.1,7.2,Medium,Yes,Yes,No,67.8,Pass
18,Male,30.5,74.2,65.1,6.9,Medium,No,Yes,No,74.4,Pass
18,Male,11.1,94.8,41.4,6.8,High,Yes,Yes,No,48.3,Pass
16,Female,5.4,100.0,85.3,7.1,Low,No,Yes,No,63.1,Pass
16,Male,14.4,86.8,55.8,8.5,Medium,Yes,Yes,No,61.1,Pass
18,Male,33.1,69.4,72.6,6.7,High,No,Yes,Yes,87.1,Pass
16,Male,9.4,100.0,41.6,6.1,Low,Yes,No,No,32.9,Fail
16,Male,26.5,73.6,47.3,6.6,High,No,Yes,No,61.7,Pass
15,Male,26.7,76.0,86.5,7.9,Low,No,No,No,79.6,Pass
18,Female,11.1,84.1,59.8,9.1,High,No,Yes,No,62.3,Pass
15,Female,19.0,98.6,86.8,6.1,High,No,No,No,72.9,Pass
15,Male,26.4,90.2,63.8,7.1,Medium,No,Yes,Yes,78.3,Pass
16,Male,12.3,85.0,37.4,7.5,Medium,No,Yes,No,32.5,Fail
15,Female,13.6,85.6,78.4,5.5,Low,No,No,No,59.4,Pass
17,Female,10.9,80.5,56.2,7.0,High,No,Yes,No,47.0,Pass
16,Female,7.9,86.7,75.5,4.8,Medium,No,No,Yes,58.4,Pass
17,Male,10.5,49.6,65.4,4.3,Low,Yes,No,No,26.1,Fail
16,Male,6.4,76.4,41.9,7.6,Medium,No,Yes,No,43.4,Pass
15,Male,15.2,82.9,67.5,6.4,Medium,No,Yes,Yes,56.7,Pass
16,Male,9.6,66.2,97.9,7.3,Low,Yes,Yes,No,63.7,Pass
17,Male,16.6,84.6,72.4,7.0,Low,No,Yes,Yes,59.8,Pass
16,Male,4.1,77.5,64.1,5.5,Low,Yes,Yes,No,45.3,Pass
17,Female,17.3,100.0,81.1,6.9,Medium,Yes,Yes,No,71.6,Pass
18,Female,20.8,98.9,68.2,5.2,Medium,No,Yes,Yes,61.0,Pass
15,Male,1.0,74.4,68.1,9.1,Medium,No,No,Yes,42.8,Pass
17,Male,17.6,78.2,48.6,5.0,High,No,Yes,No,43.9,Pass
18,Male,23.6,79.1,68.5,6.7,High,No,Yes,No,71.0,Pass
15,Female,6.5,74.6,80.5,5.4,Medium,No,No,No,67.5,Pass
18,Female,26.7,82.3,52.5,7.9,Low,Yes,Yes,No,58.8,Pass
17,Female,17.9,70.9,86.4,6.5,Medium,Yes,Yes,No,79.6,Pass
15,Female,10.1,66.4,63.6,6.2,Medium,No,Yes,Yes,41.5,Pass
18,Male,14.6,87.5,51.7,8.3,Medium,Yes,Yes,No,59.8,Pass
17,Female,18.9,87.6,80.0,7.0,Medium,No,Yes,No,77.2,Pass
18,Female,15.5,70.3,60.7,7.8,Medium,No,Yes,No,62.5,Pass
15,Male,18.8,90.7,76.4,5.5,High,Yes,No,No,70.4,Pass
15,Male,8.6,72.4,60.6,4.9,Low,No,Yes,Yes,49.1,Pass
15,Male,16.2,83.0,64.1,7.2,Medium,No,Yes,Yes,54.0,Pass
17,Female,5.1,89.8,72.4,6.5,Low,No,Yes,No,51.1,Pass
18,Male,14.2,79.6,69.4,7.9,High,No,Yes,No,68.1,Pass
18,Female,8.7,85.5,35.1,6.9,Low,No,No,No,20.8,Fail
17,Female,9.9,73.8,48.2,7.3,Low,Yes,Yes,No,39.0,Fail
15,Female,23.7,77.6,78.9,4.6,Medium,No,Yes,No,72.7,Pass
16,Female,22.6,77.5,63.0,9.8,Medium,No,Yes,No,67.1,Pass
15,Male,19.3,71.0,57.1,6.8,Low,No,No,No,62.2,Pass
16,Male,7.4,77.9,44.6,8.0,Medium,No,Yes,Yes,32.1,Fail
15,Female,12.8,61.4,48.8,5.7,Medium,No,Yes,Yes,45.0,Pass
17,Male,23.5,74.1,34.7,7.5,Low,Yes,Yes,No,53.8,Pass
16,Female,16.0,76.6,63.5,5.0,Medium,No,Yes,No,55.1,Pass
17,Female,31.2,76.9,56.0,7.7,High,No,Yes,No,71.7,Pass
16,Male,17.8,77.1,50.5,6.5,Medium,Yes,Yes,No,49.7,Pass
18,Male,16.3,79.3,64.0,7.0,High,Yes,Yes,No,63.4,Pass
16,Female,12.8,85.8,70.5,8.0,Medium,No,Yes,Yes,48.7,Pass
16,Male,15.9,90.5,96.4,5.2,Medium,No,Yes,No,70.9,Pass
16,Female,13.9,72.2,42.3,6.0,Low,No,Yes,Yes,25.7,Fail
18,Male,20.0,65.6,82.4,7.7,Medium,No,Yes,Yes,76.3,Pass
17,Female,21.7,67.5,79.6,10.1,High,No,Yes,No,84.5,Pass
18,Female,9.5,74.2,53.3,6.8,High,No,Yes,Yes,51.2,Pass
16,Male,5.7,75.8,68.0,7.9,Medium,No,Yes,No,54.0,Pass
15,Male,2.1,70.8,58.1,6.8,Low,Yes,Yes,Yes,34.3,Fail
18,Female,18.6,64.4,67.8,9.9,Low,No,Yes,Yes,66.4,Pass
15,Male,7.3,74.5,87.6,4.4,Medium,No,Yes,No,53.7,Pass
18,Male,0.0,82.2,74.1,7.1,Medium,No,No,No,43.6,Pass
18,Female,17.7,87.1,72.6,4.6,Low,No,Yes,Yes,61.5,Pass
16,Female,32.5,73.3,58.5,3.2,High,No,Yes,Yes,61.2,Pass
17,Male,15.0,75.0,42.7,7.4,Medium,Yes,Yes,No,66.5,Pass
17,Male,20.9,68.9,61.9,7.2,High,Yes,No,No,63.2,Pass
16,Female,15.6,79.6,83.1,6.6,High,Yes,Yes,No,76.5,Pass
18,Female,14.3,69.8,42.1,6.8,High,Yes,Yes,No,57.1,Pass
17,Female,21.4,86.9,49.2,11.0,Medium,No,Yes,Yes,67.3,Pass
17,Female,13.0,58.6,66.9,6.6,Medium,Yes,Yes,No,53.8,Pass
17,Female,16.9,75.7,50.2,7.8,Medium,Yes,Yes,No,55.5,Pass
16,Female,17.3,83.6,53.1,6.0,Medium,No,Yes,No,45.1,Pass
15,Female,10.3,82.2,58.6,7.4,Medium,No,Yes,Yes,45.0,Pass
15,Female,21.9,100.0,44.5,6.6,High,Yes,Yes,No,69.7,Pass
15,Male,13.8,84.2,50.4,6.4,High,No,No,Yes,49.2,Pass
15,Male,9.7,68.0,75.6,9.7,High,No,Yes,Yes,69.1,Pass
15,Male,18.8,78.9,45.4,8.8,High,Yes,Yes,Yes,57.7,Pass
17,Female,8.7,58.7,41.0,7.2,Low,Yes,No,Yes,15.3,Fail
17,Male,15.2,79.0,55.5,3.5,Low,No,No,No,45.7,Pass
18,Female,14.9,70.0,76.0,6.5,Medium,No,No,No,65.0,Pass
17,Male,22.6,91.0,62.0,11.0,Medium,No,No,Yes,71.6,Pass
16,Female,18.3,73.4,58.0,6.7,High,Yes,No,No,57.4,Pass
18,Female,14.8,78.6,65.7,8.7,Medium,No,Yes,No,67.3,Pass
17,Male,20.7,72.4,38.8,9.2,Medium,No,Yes,No,72.6,Pass
18,Female,24.7,100.0,72.4,7.3,Medium,Yes,Yes,No,81.7,Pass
18,Male,18.9,76.1,70.8,5.7,Low,No,Yes,Yes,48.5,Pass
15,Male,15.1,100.0,58.9,3.3,Medium,No,Yes,No,51.5,Pass
18,Male,5.8,89.8,80.1,8.0,High,Yes,No,No,66.7,Pass
17,Male,7.5,85.8,48.1,5.8,Low,No,Yes,No,27.2,Fail
15,Male,12.9,84.4,81.9,7.3,Medium,No,No,No,63.2,Pass
17,Male,10.7,84.7,67.3,5.1,Medium,Yes,Yes,No,58.0,Pass
15,Male,13.7,56.9,60.0,6.6,Low,No,Yes,No,53.4,Pass
17,Male,15.4,76.7,64.7,7.1,Low,Yes,Yes,Yes,61.1,Pass
15,Male,18.7,90.1,63.4,7.4,High,No,Yes,No,75.3,Pass
15,Female,14.5,79.4,83.3,5.3,Medium,Yes,Yes,Yes,51.6,Pass
16,Female,18.4,63.1,48.8,8.8,Low,Yes,Yes,No,55.6,Pass
17,Male,15.5,79.4,53.6,6.1,Low,No,Yes,Yes,48.7,Pass
18,Female,1.2,100.0,80.5,4.5,Medium,No,Yes,No,54.9,Pass
15,Female,8.4,95.0,56.1,6.8,Medium,No,Yes,No,39.7,Fail
17,Male,14.0,79.3,78.5,7.1,Medium,Yes,Yes,No,62.3,Pass
15,Male,6.5,91.4,90.5,7.2,Low,Yes,Yes,No,57.7,Pass
16,Female,19.2,75.6,59.0,9.0,High,No,Yes,No,54.9,Pass
16,Male,25.7,59.6,75.2,6.6,Medium,No,Yes,No,70.5,Pass
16,Male,23.5,68.9,47.7,6.8,Medium,Yes,Yes,No,52.8,Pass
16,Male,13.5,98.8,76.3,5.3,Medium,No,Yes,No,81.3,Pass
18,Female,25.4,76.7,68.0,8.2,Medium,No,Yes,No,71.9,Pass
18,Male,16.0,77.1,72.1,7.3,High,No,Yes,No,76.2,Pass
15,Female,12.6,76.4,55.3,6.4,High,No,No,No,39.6,Fail
17,Male,10.7,100.0,40.1,4.1,Medium,Yes,No,Yes,31.9,Fail
16,Male,12.9,99.5,72.5,9.2,High,No,Yes,No,74.3,Pass
16,Female,12.3,100.0,34.0,5.2,High,Yes,Yes,No,42.5,Pass
18,Male,16.2,78.1,60.2,6.1,High,No,Yes,No,58.1,Pass
18,Female,16.1,83.5,79.1,7.5,Low,No,Yes,No,64.1,Pass
16,Female,15.0,61.8,67.9,5.2,Medium,No,Yes,Yes,48.7,Pass
17,Male,18.1,97.7,94.2,4.8,Medium,No,No,No,85.4,Pass
15,Male,23.3,66.0,80.4,3.8,High,No,Yes,No,75.4,Pass
15,Female,21.6,82.6,55.2,8.1,Low,No,Yes,No,61.8,Pass
15,Female,4.6,66.8,65.4,6.2,Medium,No,Yes,Yes,43.3,Pass
15,Male,0.0,72.9,64.3,11.0,Medium,No,Yes,No,49.8,Pass
17,Male,21.5,70.0,41.3,5.5,Medium,No,Yes,No,47.6,Pass
17,Male,5.4,72.7,50.9,5.6,Medium,Yes,Yes,Yes,33.6,Fail
17,Male,13.4,73.5,56.6,6.2,High,Yes,No,Yes,49.5,Pass
18,Male,6.8,73.4,34.5,7.4,Medium,Yes,Yes,No,40.8,Pass
16,Female,2.4,90.0,65.7,6.3,High,No,No,Yes,50.5,Pass
17,Female,18.8,66.7,61.3,7.9,Medium,No,No,No,52.5,Pass
15,Female,20.3,82.6,39.9,5.5,Medium,No,Yes,Yes,50.9,Pass
17,Female,11.0,94.6,71.1,4.9,Medium,No,Yes,No,57.0,Pass
16,Male,0.0,73.8,75.7,4.3,Low,No,Yes,No,38.8,Fail
18,Female,11.2,71.4,68.4,3.7,Medium,Yes,Yes,No,48.4,Pass
15,Male,17.7,77.2,60.1,6.2,Medium,Yes,Yes,No,58.1,Pass
18,Male,4.6,94.2,73.9,6.5,Medium,No,No,No,58.2,Pass
17,Male,16.3,82.3,75.2,6.1,High,Yes,Yes,No,72.5,Pass
15,Male,14.9,73.6,69.6,8.9,Medium,No,Yes,Yes,60.2,Pass
15,Male,19.1,85.8,52.6,8.8,Low,No,Yes,No,47.9,Pass
17,Female,15.8,66.8,69.1,6.5,Low,No,Yes,Yes,49.0,Pass
17,Male,8.2,88.2,82.9,4.3,Medium,No,Yes,No,57.7,Pass
16,Male,23.4,84.9,56.1,6.1,Medium,No,Yes,Yes,55.0,Pass
17,Male,13.9,76.3,96.5,6.1,Low,Yes,Yes,No,70.7,Pass
17,Female,14.8,69.9,57.1,6.0,Medium,No,Yes,No,47.6,Pass
17,Male,8.5,69.4,65.5,6.0,Medium,No,No,Yes,40.1,Pass
15,Male,11.9,86.4,54.9,6.0,Medium,Yes,Yes,Yes,49.7,Pass
16,Male,8.8,94.7,68.3,6.4,High,Yes,No,No,52.9,Pass
15,Female,13.8,72.4,38.9,6.0,Medium,No,Yes,No,37.3,Fail
17,Male,27.0,85.5,56.8,7.3,Medium,Yes,Yes,No,71.7,Pass
16,Female,5.4,55.0,48.6,7.5,High,Yes,Yes,No,47.8,Pass
17,Female,3.7,73.0,67.0,5.6,Medium,No,Yes,Yes,42.2,Pass
15,Male,25.3,79.6,79.9,8.9,Medium,No,Yes,No,77.1,Pass
15,Female,13.5,69.1,74.7,5.5,Medium,Yes,Yes,Yes,58.9,Pass
17,Female,10.3,68.8,29.4,4.6,Low,Yes,Yes,No,35.8,Fail
16,Male,22.3,72.0,95.6,7.6,Medium,No,Yes,No,88.0,Pass
15,Male,10.8,83.5,69.4,5.8,Medium,Yes,Yes,No,60.8,Pass
17,Male,27.8,77.8,53.4,7.5,High,No,Yes,No,75.9,Pass
18,Male,19.7,53.1,67.4,3.4,High,No,Yes,Yes,63.8,Pass
17,Female,11.6,54.6,67.6,9.1,Medium,Yes,No,No,56.7,Pass
17,Female,30.1,72.7,55.0,8.0,Medium,Yes,Yes,No,75.0,Pass
16,Male,10.8,85.5,68.0,4.7,Low,Yes,Yes,Yes,55.1,Pass
17,Male,20.2,47.0,55.9,4.8,Medium,Yes,No,Yes,35.4,Fail
18,Male,17.1,74.0,58.9,9.5,Medium,Yes,Yes,No,53.0,Pass
17,Female,24.1,73.7,54.7,5.9,Medium,No,No,No,55.8,Pass
18,Male,25.9,96.7,43.5,5.7,Medium,Yes,Yes,No,63.7,Pass
15,Female,15.2,75.4,67.2,3.6,Low,No,No,No,41.7,Pass
17,Female,9.7,84.6,73.8,6.5,High,No,Yes,Yes,65.1,Pass
16,Female,18.2,81.7,72.7,6.7,Low,Yes,No,No,48.3,Pass
17,Female,10.3,54.4,77.3,8.1,High,Yes,Yes,No,59.3,Pass
18,Male,29.1,89.2,69.9,4.9,High,Yes,Yes,Yes,77.2,Pass
18,Male,16.0,82.6,57.0,4.7,Medium,Yes,Yes,No,44.8,Pass
16,Male,12.4,86.1,77.6,7.7,High,No,Yes,Yes,76.4,Pass
18,Female,16.3,100.0,44.6,8.5,Medium,Yes,Yes,Yes,47.1,Pass
17,Female,5.6,55.0,51.5,4.6,Medium,No,Yes,Yes,24.6,Fail
18,Male,8.2,100.0,50.5,8.6,Medium,No,No,No,51.2,Pass
17,Female,23.4,76.6,81.2,7.1,Medium,No,Yes,No,80.0,Pass
17,Female,10.4,83.4,79.1,8.6,Medium,No,No,No,53.1,Pass
18,Female,7.7,79.5,72.3,6.9,Medium,No,Yes,No,58.5,Pass
16,Male,18.8,74.9,81.1,3.2,Medium,Yes,No,No,63.5,Pass
15,Male,23.3,73.2,51.8,6.8,Medium,Yes,No,No,69.6,Pass
16,Male,20.0,84.0,70.2,8.6,Medium,No,Yes,No,73.0,Pass
15,Female,22.0,61.8,63.1,5.7,Low,Yes,No,No,51.0,Pass
16,Male,9.7,89.0,77.7,6.4,Low,No,Yes,No,52.1,Pass
17,Male,5.0,75.0,63.3,6.7,Medium,No,Yes,Yes,37.7,Fail
17,Male,25.5,66.4,59.2,3.0,Low,No,Yes,No,48.8,Pass
18,Female,12.7,74.6,73.1,9.5,Low,No,Yes,No,67.4,Pass
15,Female,13.2,95.1,78.1,5.6,High,No,Yes,No,70.9,Pass
15,Female,24.3,73.6,55.0,7.8,Low,No,Yes,Yes,59.4,Pass
18,Female,18.9,84.3,64.1,6.9,Medium,No,Yes,Yes,69.5,Pass
16,Female,18.2,71.2,49.1,8.9,Medium,No,Yes,No,40.0,Pass
18,Male,30.2,89.1,27.5,7.6,High,No,Yes,Yes,67.7,Pass
16,Male,10.5,88.2,68.0,6.6,Medium,No,No,Yes,49.3,Pass
18,Female,21.5,100.0,74.1,5.7,Medium,No,No,No,71.5,Pass
15,Female,15.4,77.9,68.9,8.2,Medium,No,Yes,No,57.6,Pass
15,Male,16.9,88.0,35.8,4.2,Medium,No,Yes,No,38.0,Fail
16,Female,25.7,81.2,59.7,8.0,Medium,No,Yes,No,72.3,Pass
15,Female,18.6,95.6,31.7,5.4,Low,Yes,Yes,Yes,55.1,Pass
15,Female,18.8,71.4,85.5,8.9,High,No,Yes,No,85.9,Pass
15,Female,22.5,88.9,48.7,7.2,Medium,Yes,Yes,Yes,67.2,Pass
15,Female,12.4,77.7,83.8,8.0,Medium,No,Yes,No,66.0,Pass
17,Male,9.1,79.2,79.2,7.1,High,No,Yes,No,61.5,Pass
18,Male,7.7,81.1,51.5,4.4,Medium,No,Yes,No,34.9,Fail
18,Female,1.2,83.0,48.0,5.7,High,Yes,Yes,No,37.2,Fail
17,Female,29.4,78.6,70.3,8.0,Medium,No,No,No,61.3,Pass
15,Male,7.3,82.6,52.3,7.2,High,No,Yes,Yes,42.0,Pass
18,Female,13.5,98.9,66.5,8.8,Low,Yes,Yes,No,59.9,Pass
18,Male,13.1,91.8,57.8,7.6,High,Yes,No,No,57.4,Pass
18,Female,17.2,90.4,38.3,5.5,High,No,Yes,No,52.6,Pass
16,Male,20.7,74.5,31.5,5.8,Low,No,Yes,No,41.6,Pass
17,Male,21.0,69.3,68.4,7.2,Low,Yes,Yes,No,62.7,Pass
16,Female,10.9,91.5,56.6,3.5,Medium,No,Yes,No,43.8,Pass
16,Female,13.8,90.5,56.7,9.5,High,No,Yes,Yes,49.5,Pass
17,Male,17.0,97.7,75.4,7.7,Medium,No,Yes,No,68.6,Pass
18,Female,13.3,72.8,82.6,8.8,Medium,No,Yes,Yes,58.6,Pass
16,Male,26.3,77.2,60.9,4.6,Low,No,Yes,No,63.4,Pass
18,Female,18.4,60.3,59.9,8.9,Medium,No,Yes,No,63.1,Pass
16,Female,20.1,75.3,72.5,10.3,Medium,No,No,No,73.0,Pass
18,Female,19.6,92.0,44.6,5.0,High,Yes,Yes,No,64.2,Pass
15,Male,23.2,74.4,68.3,8.2,Medium,Yes,Yes,Yes,68.2,Pass
15,Male,16.3,87.7,73.3,7.0,High,No,Yes,No,68.5,Pass
15,Female,5.9,77.7,75.2,4.7,Medium,No,Yes,No,45.8,Pass
17,Male,17.8,83.9,35.9,7.7,Low,No,Yes,No,34.9,Fail
15,Female,10.4,66.2,53.6,8.3,Medium,No,Yes,Yes,48.8,Pass
16,Male,11.3,81.0,51.8,6.1,Medium,No,Yes,No,45.3,Pass
18,Female,19.1,44.1,66.5,8.7,High,No,Yes,No,55.3,Pass
18,Male,23.7,77.8,72.2,4.5,High,Yes,Yes,Yes,67.0,Pass
18,Male,15.1,60.4,87.5,4.8,Low,No,Yes,No,53.8,Pass
18,Male,17.2,94.5,57.6,7.2,Low,Yes,Yes,Yes,56.2,Pass
16,Male,26.9,89.3,57.5,7.0,Low,No,Yes,No,72.5,Pass
18,Male,16.7,85.6,82.2,5.9,High,Yes,No,Yes,66.8,Pass
16,Male,33.2,98.3,69.4,8.2,High,No,Yes,No,79.1,Pass
16,Female,19.0,68.6,84.0,7.8,High,Yes,Yes,No,77.8,Pass
18,Female,2.7,100.0,69.3,8.3,Medium,Yes,Yes,No,55.6,Pass
18,Male,20.3,91.2,47.6,6.8,Medium,Yes,No,No,53.2,Pass
18,Female,17.7,77.2,45.0,7.9,Medium,No,Yes,No,47.6,Pass
16,Male,24.0,93.6,41.7,6.3,Medium,No,Yes,Yes,56.6,Pass
17,Female,19.7,66.7,74.9,10.1,Medium,No,No,No,66.1,Pass
16,Female,14.0,70.1,82.8,5.8,Low,No,No,No,54.0,Pass
17,Female,6.4,72.7,92.7,10.2,Low,No,Yes,No,66.0,Pass
18,Female,13.5,73.7,77.6,7.1,High,No,Yes,Yes,62.0,Pass
16,Male,9.0,67.3,82.4,4.9,High,No,Yes,Yes,54.6,Pass
18,Female,10.9,94.7,56.3,9.1,Medium,Yes,Yes,No,66.5,Pass
17,Female,19.1,76.9,47.7,7.2,Medium,Yes,No,No,53.6,Pass
17,Female,26.7,84.2,77.8,8.3,Medium,No,Yes,No,86.6,Pass
16,Male,17.8,73.2,71.3,8.8,High,No,No,No,73.6,Pass
16,Female,6.6,58.2,66.6,7.5,High,No,Yes,No,53.9,Pass
16,Male,18.1,83.2,70.8,6.1,High,No,Yes,No,75.4,Pass
16,Male,23.4,57.1,69.8,8.5,High,Yes,Yes,No,64.6,Pass
15,Female,10.7,79.2,84.3,7.0,Low,No,Yes,No,61.7,Pass
15,Male,14.1,63.6,84.4,8.0,Medium,No,Yes,Yes,61.7,Pass
18,Female,15.1,100.0,73.2,3.8,Medium,No,Yes,Yes,70.6,Pass
17,Female,9.5,90.9,77.7,7.7,Medium,No,Yes,Yes,66.0,Pass
17,Female,19.5,81.3,72.7,6.0,High,No,Yes,No,68.1,Pass
18,Female,14.2,95.2,58.1,9.5,Medium,No,Yes,Yes,60.8,Pass
18,Female,17.9,69.8,76.3,7.9,Low,Yes,Yes,Yes,63.1,Pass
18,Female,8.8,86.5,44.1,7.4,Medium,Yes,Yes,No,47.3,Pass
15,Female,11.9,82.4,80.8,7.7,High,No,Yes,Yes,61.7,Pass
18,Male,20.1,83.2,47.1,5.5,Low,No,Yes,Yes,48.2,Pass
17,Male,12.4,95.3,69.3,9.4,Medium,Yes,Yes,Yes,63.3,Pass
18,Female,27.1,88.8,52.3,10.0,Medium,No,Yes,Yes,70.4,Pass
16,Female,12.2,83.5,73.3,7.6,Low,No,Yes,No,53.6,Pass
17,Male,16.6,60.1,64.5,9.4,Medium,No,Yes,No,55.3,Pass
17,Female,21.5,68.5,41.1,6.1,High,Yes,Yes,No,62.7,Pass
17,Male,5.1,78.5,71.3,5.8,Medium,No,Yes,No,42.8,Pass
15,Male,2.7,81.1,56.3,7.1,High,No,Yes,No,39.9,Fail
15,Female,4.3,66.4,78.2,7.7,Medium,No,Yes,No,51.6,Pass
17,Female,23.8,100.0,65.0,6.4,Low,No,No,Yes,56.0,Pass
16,Male,11.1,98.2,70.9,7.8,High,Yes,Yes,Yes,62.2,Pass
17,Male,32.9,87.2,50.6,7.5,Medium,No,Yes,No,73.7,Pass
15,Female,11.1,80.9,56.2,5.5,Medium,Yes,Yes,Yes,37.5,Fail
16,Female,16.3,77.5,58.1,7.8,High,Yes,Yes,Yes,54.9,Pass
17,Male,25.8,68.6,77.9,8.3,Medium,No,No,No,84.1,Pass
15,Male,29.0,80.9,90.2,7.3,High,No,Yes,No,96.4,Pass
16,Male,29.4,83.1,52.9,8.7,Low,No,Yes,Yes,59.9,Pass
18,Female,23.5,65.1,81.2,5.2,Medium,Yes,Yes,Yes,72.0,Pass
18,Female,22.2,84.0,32.5,7.7,Low,No,Yes,No,50.2,Pass
17,Female,19.1,78.1,47.1,5.2,High,No,Yes,No,61.3,Pass
